#{"t_start": 1747546664.3752873, "env_id": "BuildingEnv"}
r,l,t
-101766956.296151,16166,6.247277
-70410668.487312,16166,12.806259
-71059751.463798,16166,18.772144
-68915182.626976,16166,26.936654
-55894825.324922,16166,34.019567
-44838717.409131,16166,41.065457
-34040001.038634,16166,47.042708
-31414654.439255,16166,53.012785
-28753217.951427,16166,58.947616
-28588151.289233,16166,64.594735
-25874908.822864,16166,70.558172
-26643310.805071,16166,77.576582
-23300527.499494,16166,85.717299
-24473355.008976,16166,91.639529
-22304834.346089,16166,98.666178
-20497916.524079,16166,106.785906
-21032541.87366,16166,113.768497
-16787287.035544,16166,119.667337
-22847805.761137,16166,125.880527
-28541685.887867,16166,131.862448
-25764332.008477,16166,140.05707
-24756472.21526,16166,148.699631
-25249706.75394,16166,157.37286
-24934695.941817,16166,167.142386
-25624345.120921,16166,173.614058
-25558942.923151,16166,182.419283
-22728653.801884,16166,189.420496
-21421603.857012,16166,196.962702
-17036213.544318,16166,202.589403
-21786373.80578,16166,209.083082
-25491868.981112,16166,216.760701
-25351955.304838,16166,226.090981
-26630475.448455,16166,233.608895
-22136190.582991,16166,239.529986
-23096553.444195,16166,246.0581
-25899943.977773,16166,253.073141
-24613227.852841,16166,263.44733
-20472400.935967,16166,270.127645
-24829639.766269,16166,276.012203
-21579131.207495,16166,282.520073
-23527020.978933,16166,289.714599
-24205676.85246,16166,295.692158
-27000457.22543,16166,303.377057
-26519803.243932,16166,313.131095
-20028188.513652,16166,320.769517
-17716031.418561,16166,326.719186
-26957882.97857,16166,332.401475
-21974473.223131,16166,338.439872
-23859258.039067,16166,346.661177
-27584108.329636,16166,352.667114
-22195297.468349,16166,358.655798
-22355842.873638,16166,366.288429
-19503031.265112,16166,372.229097
-19374090.504782,16166,378.142078
-24088985.762552,16166,384.121957
-17845384.200013,16166,390.015136
-26507899.280647,16166,396.796882
-17639267.937756,16166,405.168095
-19625197.499701,16166,411.140978
-23198892.415438,16166,417.072007
-20515165.541421,16166,424.237182
-23413994.497516,16166,432.48643
-21223684.844468,16166,439.589837
-21889192.810458,16166,445.53393
-21972921.586267,16166,452.640666
-19678584.771112,16166,461.233353
-19056505.702693,16166,471.22753
-22368589.56653,16166,477.300146
-21713756.800662,16166,485.791306
-23309085.42869,16166,492.868012
-22882476.83152,16166,500.545753
-20584894.106332,16166,508.173514
-21037155.71169,16166,514.08114
-21815082.84496,16166,521.194476
-20950883.366383,16166,527.743686
-21832673.429756,16166,534.014166
-13965516.031736,16166,539.97158
-20802821.491496,16166,547.173249
-23522765.374851,16166,556.013612
-17034805.207099,16166,561.975075
-22717265.80377,16166,568.0355
-20244441.734364,16166,574.664666
-22216704.669843,16166,580.56222
-15664296.348992,16166,586.499131
-23786147.361216,16166,592.240681
-17221891.802301,16166,598.243208
-21300445.638339,16166,604.206521
-35876243.618919,16166,610.191415
-36674511.734981,16166,616.848027
-30644025.277238,16166,625.381054
-19887602.037681,16166,634.471014
-17643184.051224,16166,642.215535
-17439048.911066,16166,648.155272
-19006127.407804,16166,653.77831
-22894194.640529,16166,661.031769
-19165706.874256,16166,667.599139
-19241934.564371,16166,674.670564
-20934501.155398,16166,681.305184
-23441365.018833,16166,688.359328
-23314166.258846,16166,694.885441
-23398436.77651,16166,701.392666
-17807337.272933,16166,708.014431
-20102910.057904,16166,714.075896
-15874573.21226,16166,719.882231
-18598443.300329,16166,727.674376
-15015076.898435,16166,736.530585
-18231685.245789,16166,744.859781
-17573866.631882,16166,750.892491
-16655038.692618,16166,756.93861
-17681005.307823,16166,763.471204
-19301852.181257,16166,771.369267
-17526152.151865,16166,777.352877
-15055286.745664,16166,783.005946
-21402312.814496,16166,789.030011
-20437754.081417,16166,796.32175
-18522549.763538,16166,802.25676
-20475682.652468,16166,808.230372
-17181490.779503,16166,814.83389
-20172163.845086,16166,820.912425
-20281599.462107,16166,827.036756
-15770375.390433,16166,835.462996
-18985172.432776,16166,842.709993
-24303802.266672,16166,850.904859
-15424972.637595,16166,858.709383
-22067674.490775,16166,865.980648
-22709856.174284,16166,873.231049
-20029852.281457,16166,880.492431
-18183615.712539,16166,886.508907
-19634656.269,16166,892.728925
-16661828.89427,16166,899.49405
-21143465.451192,16166,905.541253
-19719103.308537,16166,914.943102
-13750472.841297,16166,921.678612
-21542375.368856,16166,932.718167
-19928646.857538,16166,943.322263
-22564769.208151,16166,954.203217
-18097880.099004,16166,965.023257
-22305563.790008,16166,972.912448
-20082714.011475,16166,980.155162
-22384264.478338,16166,986.211827
-22175677.845839,16166,994.977793
-16456540.19968,16166,1001.565492
-22786581.609071,16166,1007.554343
-16626543.681387,16166,1014.152467
-19237005.10585,16166,1022.127907
-22462787.607239,16166,1028.165513
-19948350.615051,16166,1034.125731
-20384220.168666,16166,1040.134192
-17675086.281662,16166,1047.95978
-19651385.134074,16166,1055.238697
-16597406.737964,16166,1060.911052
-22770164.991898,16166,1066.909344
-28733520.996868,16166,1073.557694
-23892121.351484,16166,1081.419776
-18448875.889624,16166,1088.513123
-20820006.171084,16166,1094.493738
-21511104.698703,16166,1102.360868
-18401984.737888,16166,1108.553472
-16557037.365075,16166,1114.64578
-25827364.232058,16166,1120.398534
-25601477.254405,16166,1126.42203
-19030316.563805,16166,1133.641788
-24446276.322027,16166,1139.608208
-19716050.341753,16166,1145.671211
-16535013.907026,16166,1154.029221
-19736250.582682,16166,1162.511424
-16398788.702543,16166,1168.479791
-22990184.023011,16166,1175.78749
-19751037.910277,16166,1182.468435
-26123938.989733,16166,1190.006255
-17822218.625462,16166,1197.912833
-23929584.800121,16166,1207.733942
-19181637.690083,16166,1216.315301
-19084848.124883,16166,1223.809773
-23144143.147594,16166,1234.302339
-23552789.984717,16166,1241.633033
-21788947.968584,16166,1247.686295
-20063303.970034,16166,1254.430274
-19328723.146295,16166,1260.930986
-19228690.99442,16166,1268.434209
-26117048.508115,16166,1279.824116
-19999182.060661,16166,1290.397411
-23635319.730985,16166,1296.561347
-20684958.674353,16166,1304.597793
-23594815.069445,16166,1313.201593
-20576434.92891,16166,1319.313834
-19491303.776817,16166,1327.322236
-20155202.12476,16166,1333.16169
-20955074.47125,16166,1341.096969
-19030434.134999,16166,1351.534388
-19088420.011034,16166,1360.715053
-20664228.768766,16166,1366.758891
-21149308.996013,16166,1372.780347
-24137014.639368,16166,1378.824591
-29005019.560144,16166,1387.809246
-29014759.863349,16166,1396.074277
-21106274.404825,16166,1405.043224
-23827539.422405,16166,1413.864936
-17987515.15498,16166,1421.684028
-22123554.207393,16166,1428.274116
-24841856.346914,16166,1438.875429
-19407783.649173,16166,1446.768693
-21175353.727785,16166,1455.663038
-19586538.977645,16166,1463.553043
-20074854.137434,16166,1469.524446
-24546703.337135,16166,1475.565642
-20269404.71336,16166,1481.96356
-20562129.560877,16166,1488.069136
-25409071.888501,16166,1496.568303
-22647239.147349,16166,1505.644084
-32045664.272194,16166,1512.296709
-28340509.386351,16166,1519.633922
-37552053.972282,16166,1527.526114
-51468058.71007,16166,1535.195647
-35253861.427559,16166,1545.288715
-23784320.383743,16166,1551.899073
-22713871.974168,16166,1559.484439
-33766588.121331,16166,1565.586573
-48105218.416772,16166,1571.604311
-45182412.110005,16166,1578.217208
-39745129.279124,16166,1586.522824
-20389856.880742,16166,1593.171209
-18115617.931151,16166,1600.440928
-27448935.033063,16166,1607.094525
-41093591.249994,16166,1616.067352
-24095256.927412,16166,1625.915004
-19716303.495683,16166,1632.5331
-25171370.564932,16166,1639.703017
-20516161.915348,16166,1648.081942
-18798281.881533,16166,1654.06045
-19159867.510968,16166,1660.129614
-18780410.814102,16166,1667.324979
-16932884.998505,16166,1675.799415
-18580221.217833,16166,1681.735921
-15440516.426246,16166,1687.999806
-19635128.203849,16166,1695.182118
-17704093.95142,16166,1701.86441
-17725188.076665,16166,1708.581103
-22750411.460113,16166,1714.788298
-25552977.131161,16166,1721.05528
-29165493.102777,16166,1727.787043
-28757467.088058,16166,1735.769181
-20978542.504669,16166,1744.308241
-18882347.470938,16166,1750.300335
-20312163.050361,16166,1756.016157
-19594006.150584,16166,1762.027029
-18998308.896783,16166,1768.691242
-25444041.033542,16166,1776.548867
-23180217.604349,16166,1783.847806
-23573995.706848,16166,1792.312731
-22853904.25351,16166,1800.199992
-22148997.328336,16166,1809.369683
-17165396.503169,16166,1815.340647
-20650343.651565,16166,1821.012096
-22593444.482008,16166,1827.01469
-20339170.78815,16166,1832.995189
-23602613.20949,16166,1839.101673
-20562230.652114,16166,1845.20555
-22511599.473949,16166,1851.834841
-21172422.793847,16166,1858.523108
-22388605.123676,16166,1866.476442
-25600355.313574,16166,1876.405744
-24199204.954987,16166,1886.355764
-22732828.6399,16166,1896.70276
-26345675.992882,16166,1906.072422
-26240728.162089,16166,1912.801393
-27913778.538741,16166,1920.359741
-32924336.552388,16166,1926.431159
-23923316.149531,16166,1933.812794
-26784095.130447,16166,1939.945892
-25081883.359341,16166,1947.301547
-26565449.131917,16166,1957.792408
-20092219.558304,16166,1966.016481
-30233938.540184,16166,1976.44736
-23517895.610948,16166,1984.44969
-26497987.738848,16166,1990.551869
-22691438.171078,16166,1996.659338
-23027492.641697,16166,2002.776873
-21088109.677172,16166,2008.885515
-21604727.144517,16166,2015.681714
-18411453.163018,16166,2023.117937
-21085560.021156,16166,2029.174067
-25734044.501228,16166,2035.467635
-25408874.816667,16166,2043.634364
-28140733.807101,16166,2053.04857
-21371480.806504,16166,2062.47475
-21789291.861825,16166,2073.121832
-23264957.022232,16166,2083.111695
-23310038.688036,16166,2090.581822
-27968700.942686,16166,2096.704536
-24543495.559786,16166,2104.734543
-21989681.758637,16166,2111.011962
-39322904.079086,16166,2117.016189
-81439215.919888,16166,2123.479455
-78228869.938534,16166,2129.442651
-76202882.346506,16166,2135.40327
-70857533.851287,16166,2143.122325
-64877798.267199,16166,2149.054801
-60939505.04618,16166,2156.361512
-40514559.261447,16166,2162.444792
-27499892.10101,16166,2170.740633
-27155321.301538,16166,2179.844312
-29283221.712426,16166,2185.840476
-26537221.188164,16166,2192.421345
-29268020.842164,16166,2198.376903
-24425400.758343,16166,2208.08284
-26969009.641605,16166,2217.182157
-24864774.606936,16166,2225.67661
-20601342.107745,16166,2233.719623
-26511125.845938,16166,2243.567159
-42450578.866316,16166,2249.262341
-91298200.063729,16166,2258.59208
-91149521.139775,16166,2264.582333
-82807019.603657,16166,2270.605748
-69727220.137184,16166,2276.640652
-53751899.728547,16166,2286.325626
-32876092.894496,16166,2296.102539
-27336071.459533,16166,2305.244577
-27419616.518648,16166,2313.147887
-25446133.28541,16166,2321.395887
-23340649.76289,16166,2328.695992
-27568934.641957,16166,2336.67546
-24843795.898061,16166,2343.910237
-25722539.324808,16166,2349.926103
-28194295.386789,16166,2356.63805
-32035461.166583,16166,2362.735322
-28341877.97407,16166,2370.058162
-26695585.628278,16166,2376.921076
-29087960.835087,16166,2382.788423
-27166583.305994,16166,2389.523998
-23721427.992332,16166,2395.902728
-20757485.343074,16166,2402.641401
-23935588.508882,16166,2409.415268
-24554673.93193,16166,2415.444537
-33684327.089391,16166,2421.465263
-61556685.085254,16166,2427.548256
-55208911.531689,16166,2435.008537
-48438433.686257,16166,2443.254802
-37713828.54432,16166,2449.130719
-26053414.876263,16166,2455.182024
-28332565.447646,16166,2461.165006
-29784372.989824,16166,2469.965596
-27941598.768483,16166,2476.723677
-27710305.783887,16166,2484.882384
-30611990.876333,16166,2490.982379
-29115030.668704,16166,2499.178602
-25726217.341298,16166,2508.725817
-21628291.470445,16166,2517.946511
-19045814.589311,16166,2528.837534
-24935615.800061,16166,2538.374909
-19522347.336721,16166,2544.441181
-48039690.787452,16166,2551.348197
-24398947.596897,16166,2559.646809
-22611639.166371,16166,2565.78623
-26175263.835849,16166,2571.929525
-25260058.254825,16166,2579.519081
-24343515.644999,16166,2585.255458
-22497752.337893,16166,2591.318282
-21280903.368602,16166,2599.487883
-22508418.073235,16166,2609.016564
-26061358.687847,16166,2618.612953
-30545264.007043,16166,2625.429778
-27346609.147547,16166,2633.497957
-28784412.156334,16166,2640.951238
-29085633.17533,16166,2647.740961
-20914828.378257,16166,2657.265739
-22448388.97378,16166,2664.392675
-20571300.107376,16166,2671.852516
-20000648.80564,16166,2679.27985
-24573613.525677,16166,2685.439792
-23803568.485561,16166,2692.252998
-27295556.339796,16166,2699.037632
-23921543.709722,16166,2705.062741
-23064554.503481,16166,2711.131855
-25999343.760642,16166,2718.544929
-21289292.251159,16166,2724.961797
-19856909.284214,16166,2730.994395
-17545473.652383,16166,2737.026473
-24805892.712276,16166,2744.489879
-23248100.745778,16166,2752.529908
-27163947.453766,16166,2759.325998
-28561257.542806,16166,2769.564996
-23752858.281865,16166,2777.951283
-25530755.812452,16166,2787.494573
-23644611.645143,16166,2793.593789
-25512423.710264,16166,2800.033304
-22706137.261784,16166,2808.211133
-23156226.66933,16166,2816.387372
-22927929.532003,16166,2824.521113
-24155331.953247,16166,2834.081058
-26789731.262611,16166,2840.176846
-27578781.841545,16166,2848.273696
-29690731.52224,16166,2855.058802
-22254014.149691,16166,2861.873332
-28805333.155185,16166,2868.443069
-22048035.078149,16166,2874.621583
-24244057.610218,16166,2880.679943
-27628009.043404,16166,2888.205913
-28046406.194118,16166,2897.605853
-25744870.121274,16166,2906.46217
-26722721.884383,16166,2916.694744
-27051560.649937,16166,2928.209821
-23449878.171905,16166,2938.413841
-22526646.522019,16166,2947.639963
-25643174.21919,16166,2954.402832
-23654814.570957,16166,2960.470447
-24704764.643402,16166,2967.934188
-24073456.858321,16166,2973.984861
-22369585.958264,16166,2979.983814
-21890295.363762,16166,2986.765089
-27776974.473665,16166,2995.589542
-26292022.764607,16166,3002.963675
-25969757.740812,16166,3011.842772
-22817635.343636,16166,3018.930687
-24692145.845592,16166,3024.937807
-26889636.201621,16166,3031.002986
-26970317.063953,16166,3037.102869
-34264411.960553,16166,3044.598321
-31324565.141148,16166,3054.210512
-31415565.211557,16166,3063.810997
-38812027.071865,16166,3073.247795
-39253769.305693,16166,3080.052552
-37300390.18069,16166,3085.828472
-33900923.237985,16166,3094.033107
-25167986.477107,16166,3101.550912
-26674222.861931,16166,3108.354516
-24802532.692896,16166,3114.54134
-24642911.707293,16166,3121.404615
-31118572.066465,16166,3128.203618
-32485031.20812,16166,3134.962627
-25986243.743344,16166,3141.720176
-23928135.909716,16166,3147.8294
-28195022.269036,16166,3154.267412
-31614919.889361,16166,3160.316778
-28072251.665408,16166,3166.311352
-24991849.044,16166,3172.344325
-20944380.212965,16166,3181.144323
-22455973.10356,16166,3188.627948
-22991245.197125,16166,3194.653428
-20553353.294126,16166,3201.429437
-18154450.445721,16166,3210.843456
-21085311.488798,16166,3218.674387
-21129889.246969,16166,3226.191343
-21889542.196191,16166,3237.768505
-21584230.10842,16166,3249.275606
-24403308.304758,16166,3256.043211
-19298758.437269,16166,3262.11114
-25538600.598025,16166,3268.149936
-29405258.245254,16166,3274.883592
-31730962.603405,16166,3281.660251
-30637056.966211,16166,3287.455002
-31656753.264305,16166,3293.59998
-22169331.150813,16166,3300.452947
-29015204.095534,16166,3306.6401
-25306942.614493,16166,3312.782083
-28456447.277835,16166,3320.339792
-27710790.94042,16166,3328.533139
-26444742.09893,16166,3335.336582
-21668134.087802,16166,3342.118061
-29000955.466848,16166,3348.934189
-24333337.998456,16166,3356.104507
-23195226.082451,16166,3365.032222
-39221943.465286,16166,3373.215852
-34607604.864875,16166,3379.333989
-30522494.879809,16166,3385.445715
-23058043.530021,16166,3392.969767
-29490883.75783,16166,3399.044017
-23911508.123099,16166,3405.134226
-23706648.59407,16166,3411.199976
-26849750.675809,16166,3419.138218
-24498956.692848,16166,3426.590098
-22093830.821616,16166,3437.372296
-25303112.833843,16166,3446.797362
-23947870.491835,16166,3457.038263
-23216600.433748,16166,3464.55206
-20611275.36023,16166,3472.721625
-27636096.291727,16166,3481.53569
-28195704.206619,16166,3489.037359
-26090145.536623,16166,3500.001101
-21937758.780875,16166,3510.662571
-19529541.527927,16166,3518.213433
-23284823.66964,16166,3525.71727
-23602642.877715,16166,3533.886544
-37380862.618928,16166,3542.763469
-33108690.494695,16166,3550.905123
-29837075.672343,16166,3557.108653
-22422564.294472,16166,3563.928991
-24080974.478485,16166,3574.133469
-23749462.256234,16166,3582.66292
-20991915.611875,16166,3591.474754
-24893544.177779,16166,3598.884339
-23328388.786035,16166,3605.638162
-35830615.12418,16166,3612.355433
-31847859.413793,16166,3619.068252
-31059558.130276,16166,3627.868884
-21654685.53174,16166,3636.061877
-25704463.378612,16166,3647.66929
-26132089.269679,16166,3655.611306
-21135231.130123,16166,3663.050362
-20992496.274336,16166,3669.890051
-23091065.174628,16166,3676.02016
-28023308.1527,16166,3682.14256
-27944732.062466,16166,3688.925735
-24425063.359468,16166,3697.037946
-59153297.350683,16166,3703.140117
-46043029.076223,16166,3709.269643
-35747606.301771,16166,3716.791328
-29431286.455415,16166,3723.361145
-31209356.782222,16166,3729.497423
-29509124.145672,16166,3737.027035
-27344715.891429,16166,3743.848579
-27691788.852981,16166,3751.358909
-32061347.061149,16166,3758.863151
-27982194.850123,16166,3768.46612
-22612524.325564,16166,3774.506881
-36538485.398574,16166,3780.536372
-56167476.268282,16166,3786.946536
-52492088.774437,16166,3794.417002
-46277350.27249,16166,3803.173816
-26175382.920219,16166,3813.439869
-30415652.256778,16166,3819.712835
-27524226.167035,16166,3825.967167
-20931637.904385,16166,3834.232863
-24936694.503725,16166,3841.122338
-22416222.913412,16166,3847.276974
-26283927.263926,16166,3856.119482
-26617764.735709,16166,3862.086754
-19916797.574124,16166,3868.310976
-32774951.53493,16166,3875.181877
-25751756.800069,16166,3881.308907
-29933980.638105,16166,3890.053236
-37693412.980349,16166,3896.127307
-25870661.787942,16166,3902.159338
-23188169.669097,16166,3908.891946
-24041990.13614,16166,3914.95079
-20576409.31048,16166,3920.652322
-23700657.955708,16166,3927.146616
-20253033.956385,16166,3934.577083
-22411767.428059,16166,3941.145791
-27773129.566189,16166,3947.194959
-25808511.207477,16166,3953.761332
-21415042.236046,16166,3963.616063
-22549347.125224,16166,3970.196982
-21101182.685343,16166,3976.092035
-19914593.661812,16166,3984.328455
-19585020.25916,16166,3990.369617
-22050960.959086,16166,3996.85302
-31681471.267536,16166,4004.755047
-21562268.542439,16166,4010.595962
-26720978.070168,16166,4016.529682
-27481400.899459,16166,4022.435572
-25723366.096313,16166,4028.339842
-28325421.022213,16166,4037.642938
-24789604.825204,16166,4046.222897
-18300401.526581,16166,4053.850551
-19849106.51747,16166,4064.443753
-23605436.345846,16166,4073.730291
-20360422.691898,16166,4080.31892
-21428562.803863,16166,4086.377114
-24470935.193284,16166,4092.370784
-27189923.323582,16166,4098.227077
-22948328.483604,16166,4106.181005
-27224734.526573,16166,4115.491535
-20540667.990199,16166,4123.776287
-24147727.695925,16166,4130.283537
-25920196.531311,16166,4136.835795
-28302600.046798,16166,4144.746572
-46185921.390941,16166,4150.682065
-93273280.983146,16166,4156.512291
-89355425.418952,16166,4162.280855
-85874884.313063,16166,4168.021465
-75621482.726463,16166,4175.645214
-57035543.352687,16166,4183.903421
-27524530.240113,16166,4189.367614
-25036969.872542,16166,4196.402564
-28812931.391986,16166,4202.856625
-27189514.327717,16166,4208.757747
-26041357.895385,16166,4214.667704
-26098800.869936,16166,4221.752766
-24187731.069524,16166,4227.50629
-19379500.495693,16166,4235.77163
-23808764.569109,16166,4241.693956
-19052653.02558,16166,4248.696583
-81746831.987515,16166,4255.329405
-92346610.229053,16166,4261.338364
-92609078.693728,16166,4267.228621
-91249922.418445,16166,4273.080566
-88734991.553034,16166,4281.53214
-79412412.777407,16166,4288.025033
-64991752.480556,16166,4297.106627
-50054970.13572,16166,4304.241148
-42426389.107611,16166,4309.743781
-44971549.667741,16166,4315.552893
-27149071.775272,16166,4321.379278
-23339651.428781,16166,4327.157189
-19578207.556384,16166,4335.590961
-25830684.248722,16166,4343.456757
-22035673.450231,16166,4352.653259
-20960075.503815,16166,4360.636455
-25888199.732907,16166,4370.58512
-23475901.753824,16166,4377.269461
-17347428.167506,16166,4383.717378
-26156544.700049,16166,4390.337915
-19423421.270986,16166,4399.573716
-15659606.851351,16166,4406.760618
-21381016.310488,16166,4414.045288
-23492765.121427,16166,4420.051481
-19903379.27456,16166,4426.153432
-20586792.363695,16166,4432.735174
-24813176.300122,16166,4439.352624
-25514263.25305,16166,4445.619668
-27400432.862855,16166,4451.548667
-26169587.576707,16166,4457.457622
-25091433.198198,16166,4463.357912
-25876612.057953,16166,4472.009497
-22600408.020468,16166,4477.941784
-25456892.959929,16166,4486.568817
-22676801.899943,16166,4492.429378
-26411003.148793,16166,4498.299841
-21803967.038687,16166,4504.190669
-25977168.32251,16166,4509.715233
-21916648.139788,16166,4515.562051
-47933766.423828,16166,4523.453014
-136640385.845374,16166,4532.780204
-137474152.084429,16166,4543.461909
-125271070.650417,16166,4554.194375
-114929368.077259,16166,4563.443552
-79201692.340629,16166,4569.317063
-36199993.888386,16166,4577.235431
-27671612.543385,16166,4583.516675
-24807646.856356,16166,4590.034071
-23783635.745869,16166,4597.353066
-23411498.124704,16166,4606.672379
-38910775.416039,16166,4615.287825
-94275205.289335,16166,4621.869797
-90001887.860072,16166,4628.462128
-90925261.519193,16166,4634.493252
-89621886.98279,16166,4640.313125
-80113962.882676,16166,4647.909256
-70684650.105017,16166,4653.739115
-66255773.449482,16166,4660.282352
-58951556.576854,16166,4666.222184
-40188317.092022,16166,4672.891952
-22927027.849379,16166,4681.541368
-21822403.089522,16166,4687.431835
-40464857.197626,16166,4695.409392
-41206434.49118,16166,4706.041971
-33557482.663651,16166,4713.285765
-25668505.084508,16166,4718.85168
-37736469.715812,16166,4724.665484
-48687084.210587,16166,4730.489663
-34178003.703303,16166,4738.38525
-23523563.359427,16166,4746.929705
-23392944.003726,16166,4753.474291
-36410619.587479,16166,4759.290794
-33377904.9673,16166,4765.104487
-26495808.379226,16166,4773.699172
-19833903.41585,16166,4779.270473
-20129485.256437,16166,4785.089491
-19574841.671773,16166,4791.015721
-21500149.389624,16166,4796.940313
-28811112.054564,16166,4803.452939
-26185919.274509,16166,4809.306775
-25981362.394883,16166,4815.988236
-22388996.635669,16166,4821.923882
-28344305.932719,16166,4828.557703
-26863600.577251,16166,4835.189267
-23646482.640086,16166,4840.801436
-40310075.470859,16166,4847.351212
-74547814.532988,16166,4853.942868
-73354756.43208,16166,4859.783331
-73642781.057919,16166,4867.738107
-66530324.47188,16166,4873.66807
-53626866.639336,16166,4880.889541
-32052207.317698,16166,4888.254384
-13473354.880693,16166,4895.618248
-70369290.996883,16166,4901.352471
-80419336.946113,16166,4907.56712
-87751344.307102,16166,4914.383928
-74966168.997331,16166,4920.426582
-56532797.738648,16166,4926.476176
-37420929.410903,16166,4933.781071
-35964548.261463,16166,4941.739336
-73043179.619417,16166,4949.151288
-70368766.396918,16166,4955.847047
-62711054.16403,16166,4963.481119
-54246215.031279,16166,4972.137057
-34082792.575449,16166,4979.464203
-25482163.776524,16166,4986.75442
-24923642.0043,16166,4992.688589
-60577815.814282,16166,5000.75985
-49149946.773532,16166,5007.40361
-38440988.687276,16166,5014.763641
-20602413.753015,16166,5021.416098
-20457859.822429,16166,5028.663129
-29776232.012169,16166,5035.570875
-22326988.998261,16166,5043.559559
-25099732.537152,16166,5050.063497
-23695339.282159,16166,5056.579639
-25104897.73463,16166,5062.359457
-31771522.891327,16166,5068.291018
-24092706.533414,16166,5074.236643
-23889241.57028,16166,5080.221066
-23949712.434927,16166,5087.571661
-25938464.81561,16166,5095.917455
-20471622.188109,16166,5102.527019
-25896700.818076,16166,5113.166782
-23113825.070415,16166,5122.453626
-27553573.060926,16166,5133.820873
-30754543.453601,16166,5143.185422
-28173584.545263,16166,5149.037842
-21708582.570503,16166,5154.910605
-13582518.143225,16166,5160.778263
-73699292.689886,16166,5168.475643
-75838737.06943,16166,5175.045137
-59336422.951293,16166,5181.622856
-48204483.056212,16166,5187.529133
-34429689.14474,16166,5193.505109
-23968161.208879,16166,5199.432321
-30924771.41885,16166,5207.339437
-31356715.62651,16166,5216.674216
-21833669.16496,16166,5222.815234
-25092324.228702,16166,5228.845402
-23853363.273771,16166,5234.573482
-27776444.339926,16166,5240.625675
-21646637.021554,16166,5246.64611
-37413824.427604,16166,5254.041092
-30231760.456197,16166,5264.086613
-26966918.913726,16166,5275.505994
-26456239.295135,16166,5286.914991
-23161325.250876,16166,5296.939868
-21948628.30196,16166,5306.304862
-63005137.789358,16166,5313.970532
-52338494.500114,16166,5321.908918
-51419187.462295,16166,5331.256637
-31707660.184112,16166,5337.23617
-41398848.053778,16166,5344.561186
-26771443.867936,16166,5352.513322
-25485344.392215,16166,5361.124089
-19405176.070544,16166,5367.649412
-30094782.882761,16166,5373.500167
-188069657.447458,16166,5380.039654
-185900278.693497,16166,5387.721053
-183749258.017742,16166,5395.680779
-179587858.226201,16166,5402.33715
-167369243.434258,16166,5408.902297
-151115397.162336,16166,5414.8048
-134417620.687003,16166,5420.673157
-104554208.266674,16166,5426.548484
-66045401.577524,16166,5433.091959
-50593782.529114,16166,5440.972519
-33409151.502849,16166,5447.909012
-20306705.430527,16166,5454.423162
-44192980.753334,16166,5460.281073
-101960960.377859,16166,5466.7416
-100961514.488232,16166,5475.044448
-97128337.226223,16166,5484.499565
-96865680.873838,16166,5490.936296
-80694863.641947,16166,5497.427643
-59154729.164609,16166,5503.33014
-32056032.300819,16166,5509.467157
-24322152.158967,16166,5515.24889
-31297003.772836,16166,5521.642178
-21263583.161637,16166,5529.300713
-17428697.007714,16166,5536.368588
-51139393.94593,16166,5543.332872
-35686502.240907,16166,5551.628707
-23842228.790001,16166,5558.079812
-17993699.913364,16166,5565.794393
-21105036.454321,16166,5576.766287
-28610903.612391,16166,5582.360703
-21508439.425061,16166,5588.93279
-24843199.241419,16166,5595.387998
-72424441.237115,16166,5606.439244
-58892680.232076,16166,5613.563325
-48682182.259567,16166,5622.811217
-37815942.471043,16166,5632.763408
-53525168.048955,16166,5638.605582
-63995970.661886,16166,5647.242178
-58090484.17615,16166,5652.907273
-48562117.489253,16166,5659.066255
-31130252.431784,16166,5665.809901
-25635103.240109,16166,5674.396354
-22305938.632063,16166,5681.009189
-34873217.007139,16166,5688.321334
-37096846.907435,16166,5697.636077
-30734555.357526,16166,5703.533899
-31283704.220089,16166,5713.553459
-29500235.628228,16166,5719.656658
-21466581.598086,16166,5725.482695
-29377068.54777,16166,5735.426442
-27812334.766558,16166,5742.052505
-26026719.776965,16166,5750.6478
-28960737.517728,16166,5757.291968
-19024620.140298,16166,5765.189865
-25198771.802105,16166,5772.43442
-19761525.745963,16166,5781.125765
-29971660.84135,16166,5787.116826
-25648241.139857,16166,5792.943804
-24035230.243446,16166,5798.936929
-25471222.203452,16166,5805.611625
-24413413.105075,16166,5811.559048
-20076729.341182,16166,5820.193336
-20099196.212249,16166,5829.55499
-23299323.75157,16166,5837.605244
-22343218.285407,16166,5843.711935
-20403104.284139,16166,5849.793131
-21539365.849288,16166,5856.778563
-24496915.833159,16166,5864.783879
-22738868.236958,16166,5871.461793
-20246205.669981,16166,5879.409426
-23321068.940137,16166,5887.352985
-43062994.859013,16166,5894.640963
-101911247.235752,16166,5900.586569
-102247805.689136,16166,5906.533963
-101437057.603618,16166,5915.036533
-94196456.295576,16166,5925.558417
-84164680.537152,16166,5933.774127
-74910880.342359,16166,5942.313133
-48158942.275305,16166,5949.473032
-22828118.99892,16166,5955.948742
-26041083.687978,16166,5961.829496
-26290616.119968,16166,5967.719698
-20781373.711946,16166,5973.641887
-18630661.228885,16166,5980.834276
-21716722.361003,16166,5987.32965
-17857769.848915,16166,5992.962741
-35398607.66113,16166,5998.910305
-53104152.39691,16166,6004.955651
-31402814.033427,16166,6014.245916
-22119866.034506,16166,6020.822062
-28009271.896242,16166,6028.708516
-25107898.843438,16166,6038.036908
-23304659.129724,16166,6045.264867
-23468801.592834,16166,6051.120782
-21909605.098092,16166,6058.339453
-21200615.404715,16166,6066.656352
-22637652.897156,16166,6073.866458
-65429905.811557,16166,6083.206267
-48907094.801208,16166,6092.540823
-29735056.232011,16166,6100.554428
-19952417.826898,16166,6107.7257
-24488620.840222,16166,6115.022291
-23413733.666435,16166,6121.586098
-39538432.426134,16166,6127.474987
-40684411.492338,16166,6133.095367
-16688880.970354,16166,6140.309515
-15395941.992998,16166,6146.888032
-29432688.533536,16166,6153.495164
-27164580.438749,16166,6160.694246
-25816936.339517,16166,6170.678295
-25139938.930483,16166,6176.584821
-32440880.713873,16166,6184.568509
-30222458.669881,16166,6191.75634
-36305271.570789,16166,6197.340905
-24587219.701504,16166,6205.894975
-32669534.34664,16166,6212.428301
-24409142.124215,16166,6218.991323
-29030249.57659,16166,6227.595592
-27226859.591492,16166,6236.703134
-29833615.402578,16166,6245.377584
-22180205.552404,16166,6252.575975
-28448809.392082,16166,6261.894216
-29049372.999472,16166,6267.707594
-30665364.384666,16166,6273.232736
-40876776.12734,16166,6280.397372
-39667852.030132,16166,6289.652438
-26712042.108852,16166,6297.546263
-25773700.492846,16166,6303.391275
-15703064.345724,16166,6309.864924
-20569562.060267,16166,6317.755073
-48840258.833499,16166,6323.56912
-162147050.862174,16166,6329.420039
-155660408.545999,16166,6334.953484
-151473724.247818,16166,6340.832663
-137799975.779493,16166,6348.679406
-104194590.24192,16166,6354.501899
-68467499.155937,16166,6362.390025
-32088372.858653,16166,6370.970259
-46263266.374115,16166,6378.151777
-29478108.944281,16166,6385.32846
-42158515.149448,16166,6391.886001
-151316689.335953,16166,6397.754762
-147599779.468164,16166,6406.073061
-140198723.744736,16166,6414.047225
-112588034.028073,16166,6419.842022
-62015290.415811,16166,6426.384585
-32578604.860754,16166,6434.272367
-37298300.783457,16166,6440.821805
-46312202.146889,16166,6448.646355
-40526997.62474,16166,6457.934656
-29552446.229743,16166,6464.490659
-69602087.85443,16166,6470.762318
-83380570.007592,16166,6479.319089
-92730907.627015,16166,6485.171808
-30395108.072995,16166,6491.028135
-32113483.189216,16166,6496.864554
-28975977.241514,16166,6506.859674
-21584805.394616,16166,6513.585837
-29135525.611604,16166,6519.571768
-44314236.546273,16166,6526.867617
-78679614.317347,16166,6533.086266
-77058134.134079,16166,6540.307981
-75483417.431855,16166,6546.203612
-65905997.424044,16166,6552.778921
-47018984.333785,16166,6558.704041
-21005321.030655,16166,6565.274086
-23983022.089161,16166,6571.11355
-20055481.518891,16166,6580.429117
-37185200.197166,16166,6586.303751
-51058839.692712,16166,6592.929565
-41612000.399022,16166,6601.255231
-29556512.108709,16166,6607.070129
-29482734.148147,16166,6617.005805
-25554546.873524,16166,6622.8622
-20636679.785341,16166,6629.3838
-25024885.357122,16166,6637.267774
-27212400.691318,16166,6644.432786
-25353208.864447,16166,6651.015134
-30143490.371793,16166,6657.479023
-25538221.57302,16166,6665.750845
-21812412.416775,16166,6673.720483
-24287332.441886,16166,6680.339302
-19012395.703973,16166,6689.642375
-31257146.007386,16166,6696.87168
-36447614.379983,16166,6706.897656
-28992773.660868,16166,6713.529547
-21208975.341139,16166,6719.394245
-20138923.927941,16166,6726.702784
-17339041.661599,16166,6732.560923
-20176719.03673,16166,6738.16269
-73449578.556077,16166,6744.063121
-83617140.383191,16166,6749.964483
-70726526.059408,16166,6757.868554
-34701207.663146,16166,6766.365163
-22722938.703676,16166,6772.303961
-24707556.335041,16166,6778.18544
-24528136.439738,16166,6784.7871
-28481968.130401,16166,6795.523153
-23598523.359488,16166,6801.203291
-21067096.76159,16166,6808.570267
-28734982.24179,16166,6815.902479
-33648971.381794,16166,6823.225446
-67434778.303206,16166,6830.453709
-67116074.778708,16166,6837.724751
-50958442.675782,16166,6843.654488
-25077477.846896,16166,6851.604255
-38578169.925024,16166,6858.244475
-29433613.13956,16166,6866.585696
-20164215.705064,16166,6873.909441
-55278667.242916,16166,6880.475727
-52130101.131224,16166,6888.386172
-50388669.584712,16166,6897.604759
-82735229.993842,16166,6905.465
-83249673.538625,16166,6911.331007
-80052444.06753,16166,6919.298215
-69676896.927803,16166,6925.174541
-59110852.216965,16166,6931.781566
-32584992.168634,16166,6939.337106
-15329931.53186,16166,6947.966833
-36780378.254066,16166,6954.574244
-22732988.943664,16166,6960.561635
-24550698.170833,16166,6966.486319
-21771925.002038,16166,6975.077276
-31493146.411453,16166,6980.943142
-46522580.769673,16166,6986.8622
-55263810.587653,16166,6992.762472
-41311897.560242,16166,6998.484409
-21393906.467273,16166,7004.497083
-23457506.804505,16166,7010.418703
-21057286.535564,16166,7016.384446
-38760442.072738,16166,7022.381676
-80664742.594028,16166,7028.365463
-141775652.88072,16166,7035.706738
-134354706.826681,16166,7041.714961
-121053581.053753,16166,7049.617078
-93699963.421892,16166,7061.05102
-61444075.784535,16166,7066.619864
-45034412.297807,16166,7072.484028
-20594268.962969,16166,7081.092249
-20589673.235423,16166,7087.561832
-27680471.120117,16166,7093.509612
-40007757.709177,16166,7100.140007
-26121234.920411,16166,7107.396219
-19150424.872319,16166,7118.068157
-25726470.483848,16166,7126.689774
-30608458.081539,16166,7135.742554
-24184379.933526,16166,7145.757715
-18939754.834722,16166,7152.229767
-86691548.031507,16166,7157.94574
-141464368.881641,16166,7165.286214
-140300520.522971,16166,7171.653508
-140520251.283784,16166,7177.419244
-140693666.809891,16166,7185.554963
-138928108.122295,16166,7193.208503
-137510182.875078,16166,7200.483569
-137399847.459591,16166,7208.603026
-138907678.418098,16166,7214.351761
-134888582.42279,16166,7220.135214
-134970851.169128,16166,7229.112545
-130118294.137925,16166,7234.863913
-125299333.337473,16166,7241.200483
-121299840.732973,16166,7246.908628
-111761804.288322,16166,7252.668129
-101791351.274542,16166,7259.761285
-93566937.424413,16166,7267.785221
-77045719.930891,16166,7273.891131
-43726104.038315,16166,7280.035793
-23269187.079942,16166,7286.035257
-19462277.091292,16166,7292.60648
-30264186.329936,16166,7299.232041
-26814730.054506,16166,7307.121795
-23703988.301273,16166,7314.295179
-48744623.859402,16166,7322.21566
-86723734.975468,16166,7329.79432
-80921455.561785,16166,7335.655543
-56417071.314917,16166,7341.462874
-22051151.724442,16166,7347.997095
-21883034.024447,16166,7353.95103
-29695850.532231,16166,7361.228758
-29007349.717597,16166,7369.837684
-22833764.732934,16166,7378.450249
-17299359.307069,16166,7386.374601
-22432771.931369,16166,7392.667084
-44402551.457714,16166,7398.56507
-22992348.897441,16166,7405.130295
-22074689.741896,16166,7411.077061
-21506726.570677,16166,7417.692714
-34055388.759734,16166,7423.580378
-45336097.921609,16166,7432.182028
-31502297.686268,16166,7442.13656
-28098340.736238,16166,7448.709382
-27104588.56222,16166,7454.693797
-24629800.344427,16166,7460.33151
-17746550.24522,16166,7468.243555
-20398978.853246,16166,7474.176326
-18468562.855567,16166,7480.178893
-24733009.976376,16166,7487.459282
-16323287.551715,16166,7495.390808
-18216586.122641,16166,7506.043313
-30867597.3793,16166,7512.529492
-30480673.440877,16166,7519.175791
-26906113.900578,16166,7526.162047
-28482332.214494,16166,7533.4425
-25031476.657228,16166,7540.061423
-29916468.973986,16166,7547.385806
-121931383.16403,16166,7555.329225
-120611506.113841,16166,7561.842508
-109741748.403473,16166,7569.771821
-92875054.361398,16166,7575.68057
-68389280.904868,16166,7581.582793
-43874208.46684,16166,7592.24999
-23063886.020047,16166,7597.925691
-24584345.440634,16166,7603.964844
-23903485.786348,16166,7609.993797
-22747039.509748,16166,7619.416682
-29929274.754263,16166,7629.435896
-37489641.86639,16166,7639.51563
-32672041.01508,16166,7645.403689
-55236344.834062,16166,7652.031259
-120151197.859656,16166,7657.925142
-119668440.08123,16166,7666.27095
-121319060.973945,16166,7672.161557
-118527890.863067,16166,7678.738552
-116469477.190255,16166,7687.347794
-108142822.302797,16166,7693.998274
-98291961.382477,16166,7699.916969
-88664594.415476,16166,7706.585515
-70628210.399819,16166,7712.467304
-37087672.268895,16166,7719.115855
-20096283.61052,16166,7724.703403
-23650316.950777,16166,7730.593008
-21793991.632438,16166,7736.461289
-24937500.172184,16166,7744.406352
-21756954.90703,16166,7752.34564
-28281856.441377,16166,7758.255157
-18901634.370722,16166,7764.170954
-23372571.055742,16166,7770.075864
-22136064.088653,16166,7776.008944
-24711655.69554,16166,7782.020591
-72686596.301366,16166,7789.043773
-43630247.950933,16166,7795.656573
-38839926.126023,16166,7807.046956
-24403928.657925,16166,7813.725425
-31894793.603401,16166,7819.800286
-30513011.768858,16166,7829.878287
-29523299.880194,16166,7837.843871
-24173580.607557,16166,7845.864136
-23198082.820465,16166,7853.069709
-43414539.986397,16166,7861.423945
-50967936.014654,16166,7870.763128
-72792887.499104,16166,7876.613723
-43760504.54704,16166,7885.950323
-29265421.373289,16166,7891.731384
-25153401.326312,16166,7897.537198
-32633795.831718,16166,7905.520722
-40279241.118355,16166,7911.405772
-24082067.494594,16166,7920.066794
-24971338.743838,16166,7926.683469
-22206941.567684,16166,7933.603438
-21829437.798764,16166,7940.856632
-31035315.902448,16166,7946.698137
-25744558.91451,16166,7955.332611
-24324794.712773,16166,7962.548795
-22894646.952265,16166,7971.817121
-23973802.865619,16166,7979.043148
-32128141.709756,16166,7984.8389
-28051382.116962,16166,7993.42693
-27792052.001598,16166,8001.10691
-28832213.025904,16166,8007.020634
-31660110.795979,16166,8012.98884
-148045371.399347,16166,8018.986453
-228985443.467383,16166,8025.657897
-224618502.331779,16166,8031.623884
-210666424.895274,16166,8038.367225
-202756577.230092,16166,8044.453517
-177630731.035143,16166,8050.566272
-142891009.635342,16166,8059.707888
-96883269.05145,16166,8068.993584
-70666280.428791,16166,8074.835924
-42798830.606765,16166,8082.78833
-19952132.580761,16166,8091.372429
-23917812.737369,16166,8102.05953
-31614323.691681,16166,8110.663717
-27931736.873946,16166,8119.274332
-24415602.701148,16166,8127.960063
-20786156.828528,16166,8133.938896
-45521227.737682,16166,8142.314397
-112688087.052086,16166,8149.612048
-109862286.188331,16166,8155.522029
-107727987.180832,16166,8161.442961
-102180867.308119,16166,8167.34493
-95816369.773125,16166,8173.24036
-83479648.284201,16166,8179.151282
-55037079.327869,16166,8185.03601
-21835434.553973,16166,8190.931219
-26314084.094193,16166,8199.24814
-24999122.624026,16166,8205.05813
-35442020.919956,16166,8216.389249
-55657359.861832,16166,8222.285796
-46060177.123028,16166,8230.186279
-34784615.369349,16166,8240.101644
-33847817.250728,16166,8251.442046
-35969117.611706,16166,8258.646342
-25917387.326958,16166,8265.179063
-68976419.065913,16166,8271.62782
-108030933.530718,16166,8278.232401
-106052678.795035,16166,8285.951578
-101291480.467627,16166,8291.839693
-95426956.42293,16166,8301.4591
-62044858.10752,16166,8311.038406
-33879014.734389,16166,8317.499979
-36253013.683117,16166,8323.93768
-37300987.929027,16166,8331.021749
-50339071.692781,16166,8336.836154
-52901264.430678,16166,8342.338065
-77436149.995985,16166,8348.140122
-64158513.790523,16166,8357.703523
-31135339.650944,16166,8364.795756
-26282222.764726,16166,8372.642684
-27078371.780797,16166,8378.571628
-30761247.199071,16166,8384.40547
-28173269.886223,16166,8390.992092
-24446129.92606,16166,8396.853597
-20525068.543722,16166,8402.40492
-23317659.073217,16166,8410.268443
-25236569.876563,16166,8419.562615
-34504549.689937,16166,8428.933266
-262982762.036331,16166,8436.304868
-263887179.577347,16166,8442.297464
-257801878.608266,16166,8448.259483
-249891047.774816,16166,8454.967251
-239737423.059295,16166,8464.338061
-225259386.096687,16166,8471.631214
-201537966.415331,16166,8478.044441
-175824868.278992,16166,8487.438786
-134865628.674888,16166,8496.146692
-80705212.744045,16166,8503.467968
-41771081.48567,16166,8511.464306
-52099104.063567,16166,8518.102242
-229131144.715717,16166,8524.006912
-225209122.23172,16166,8529.919459
-217533707.320425,16166,8538.624667
-201318842.615111,16166,8547.047725
-181587708.233746,16166,8553.157966
-142989090.03995,16166,8563.220186
-86668823.603307,16166,8569.823746
-39061382.223531,16166,8576.435328
-64619285.105169,16166,8586.4521
-63805579.273064,16166,8597.820012
-54053569.829865,16166,8605.868934
-49571096.331977,16166,8611.880725
-48401544.624155,16166,8617.851015
-44752901.50606,16166,8624.84112
-33268026.248756,16166,8631.504516
-27053006.460965,16166,8641.538089
-29975625.434978,16166,8647.418728
-27454623.970542,16166,8653.937586
-24280614.045611,16166,8661.183341
-31399955.637498,16166,8671.859116
-25938226.683123,16166,8680.473974
-25917586.36908,16166,8691.836395
-27216632.636279,16166,8698.143407
-33428581.087322,16166,8704.78468
-40082422.55269,16166,8712.703879
-25252775.567043,16166,8719.069369
-21529093.564694,16166,8724.913686
-20330395.294648,16166,8731.47197
-25526178.695261,16166,8740.142232
-98571188.795512,16166,8750.143472
-94430988.086573,16166,8758.119055
-86085737.287717,16166,8763.713587
-67184475.44389,16166,8770.880784
-55613319.500034,16166,8776.734022
-56655755.356287,16166,8783.968516
-39322600.948166,16166,8792.477795
-33714882.098799,16166,8803.117353
-35885568.203415,16166,8809.655447
-33860306.740344,16166,8817.474511
-27760124.880785,16166,8828.152412
-24063214.749913,16166,8834.086831
-18202012.793655,16166,8839.7325
-71541251.853823,16166,8847.686998
-63906900.710088,16166,8854.302436
-39767070.038606,16166,8862.969451
-32389537.302035,16166,8870.177247
-32991332.543896,16166,8878.122481
-31552284.080475,16166,8886.03209
-31103725.031685,16166,8893.242576
-30384108.889735,16166,8899.088243
-27941489.53393,16166,8906.017208
-22048018.984629,16166,8913.92653
-25731527.194848,16166,8920.473558
-27656893.621662,16166,8928.38429
-24055006.382194,16166,8935.008658
-32194153.377129,16166,8941.726381
-37104249.515303,16166,8949.77931
-43227305.774988,16166,8955.809078
-48952992.328318,16166,8961.872713
-34835176.000184,16166,8969.931674
-98591698.441638,16166,8976.96702
-113826151.178265,16166,8986.992028
-115197132.303182,16166,8994.256219
-112697483.536476,16166,9003.591177
-103206536.774252,16166,9009.533375
-79029951.665679,16166,9016.843115
-40910964.250012,16166,9023.434921
-57119221.890291,16166,9029.361478
-59212125.654915,16166,9037.303132
-128972830.415233,16166,9043.701668
-122110653.396143,16166,9049.737557
-104378129.801308,16166,9057.021577
-77631961.600922,16166,9064.977073
-28208619.581301,16166,9076.277957
-28977243.277891,16166,9082.21448
-32019086.635289,16166,9089.491451
-22908987.890217,16166,9096.039381
-37403011.208858,16166,9102.030642
-42564164.568206,16166,9107.681677
-35659118.606848,16166,9118.911896
-75936153.737377,16166,9125.674774
-72592235.179716,16166,9131.726916
-48061261.82698,16166,9141.788744
-50242188.244702,16166,9149.725438
-49263708.375074,16166,9158.174017
-42421718.963065,16166,9167.504098
-24104454.470617,16166,9174.027256
-29625537.016882,16166,9180.548797
-37863382.989103,16166,9189.606098
-24861039.934475,16166,9196.124112
-22801426.29421,16166,9202.048084
-24215038.398476,16166,9207.875622
-25073692.898729,16166,9213.799638
-53450356.499848,16166,9223.126797
-63180333.86872,16166,9231.79417
-40026892.341537,16166,9237.667811
-18250899.116278,16166,9244.831843
-24677419.514046,16166,9250.364619
-26508825.459182,16166,9257.508685
-23250619.768741,16166,9266.103082
-32895797.419216,16166,9274.624034
-53548814.741482,16166,9280.451939
-42858413.400389,16166,9286.235903
-29940455.49625,16166,9292.75636
-21239085.466051,16166,9300.050684
-21739504.095547,16166,9307.321743
-34834917.975918,16166,9313.931328
-20670799.722961,16166,9320.185123
-18418604.839882,16166,9326.029829
-25103144.323646,16166,9333.305463
-33764892.877866,16166,9340.588668
-20849826.772226,16166,9347.858498
-21420157.871035,16166,9353.797358
-45979700.1253,16166,9359.758335
-133060377.428207,16166,9365.784973
-133112549.897087,16166,9373.082915
-133316841.357975,16166,9378.673406
-133381119.923279,16166,9386.443753
-129902552.992516,16166,9392.42458
-131513165.99661,16166,9401.466678
-130577352.67058,16166,9409.20679
-124829256.236972,16166,9415.004203
-120566729.541113,16166,9422.094613
-112640449.950658,16166,9429.25846
-104792848.750462,16166,9435.077804
-99278716.602387,16166,9443.167103
-75162743.822577,16166,9451.488245
-64616343.030534,16166,9458.017524
-86504543.394166,16166,9464.561548
-76697174.461925,16166,9474.994975
-49056317.381015,16166,9485.610787
-23934130.819816,16166,9493.544839
-23944284.514274,16166,9501.532457
-26744872.374267,16166,9510.917721
-48905946.383924,16166,9519.229753
-73448542.479579,16166,9528.95275
-61802845.552348,16166,9536.942988
-42857867.14581,16166,9543.54623
-41110605.656293,16166,9550.833295
-38873368.525742,16166,9558.81128
-30690774.010896,16166,9566.106721
-26594275.959314,16166,9574.159817
-23119363.82823,16166,9581.440036
-56538289.069643,16166,9590.15105
-140865895.522941,16166,9597.192227
-133396379.323357,16166,9605.228438
-102619872.40006,16166,9614.58189
-66921982.03131,16166,9621.896603
-29701994.162051,16166,9628.523611
-44920184.631293,16166,9639.968429
-131584143.270638,16166,9648.64612
-132654411.285073,16166,9658.694209
-132532453.676836,16166,9665.371213
-131654688.289414,16166,9674.022722
-125303470.119695,16166,9684.505095
-121729236.959818,16166,9691.921413
-117664232.671301,16166,9700.605925
-108080428.273542,16166,9707.211411
-92087938.866187,16166,9715.185359
-65812533.774648,16166,9722.546483
-23523931.573398,16166,9729.096934
-24431921.667838,16166,9737.72241
-24009576.137086,16166,9746.388788
-19912088.865294,16166,9754.770082
-29186734.984989,16166,9760.640556
-18420334.709875,16166,9767.254479
-21644618.572156,16166,9773.926898
-29713665.686502,16166,9779.918572
-83908715.027969,16166,9789.368587
-101355687.078506,16166,9796.685054
-99121380.224327,16166,9805.325121
-93961171.231857,16166,9811.369112
-70835682.519786,16166,9817.14083
-26992315.029845,16166,9823.968714
-22289713.195308,16166,9831.995908
-28123258.76337,16166,9840.677686
-36172129.322448,16166,9847.301826
-39086950.775845,16166,9856.043442
-53711362.747935,16166,9865.385244
-84326125.70526,16166,9874.729643
-69487399.706245,16166,9882.080716
-42617011.78627,16166,9888.011756
-35618466.190009,16166,9895.057084
-28763779.250538,16166,9905.098364
-18031998.917013,16166,9913.065127
-30198321.87449,16166,9921.00258
-27905804.47621,16166,9928.277723
-26242538.079654,16166,9937.589633
-21164730.40226,16166,9948.25364
-20477951.088089,16166,9956.884825
-25155621.65412,16166,9965.534795
-64624535.703791,16166,9972.533096
-129132061.204671,16166,9980.547647
-128939033.537138,16166,9991.925895
-128994669.254253,16166,10001.3419
-127077977.095424,16166,10009.99783
-125354381.98154,16166,10019.365019
-118853101.576562,16166,10028.727429
-103440488.840583,16166,10034.637378
-80902518.119917,16166,10041.909436
-54767982.044086,16166,10048.951221
-33077884.96584,16166,10056.32792
-23753317.881032,16166,10062.22089
-22124221.260025,16166,10068.056485
-18200408.207855,16166,10074.597199
-25562014.714448,16166,10082.544945
-42536589.736907,16166,10088.425077
-42793310.612239,16166,10095.043527
-26938780.94245,16166,10100.965391
-24405644.350635,16166,10108.259916
-21492540.375213,16166,10118.02266
-94395040.261965,16166,10126.690941
-111830748.815411,16166,10133.996214
-109025464.279124,16166,10143.405105
-101257255.276702,16166,10151.398168
-91481107.449701,16166,10160.809731
-61954199.380574,16166,10171.568349
-37344391.420241,16166,10182.2215
-41961728.207491,16166,10190.873909
-25956732.369979,16166,10200.5269
-24314479.175464,16166,10209.934371
-25371890.313506,16166,10220.00899
-23077880.566294,16166,10227.365972
-21670364.004553,16166,10234.025057
-37523206.260129,16166,10240.623376
-42503515.177507,16166,10247.294253
-46492406.010272,16166,10253.902036
-72248844.836265,16166,10260.539583
-62675639.53497,16166,10267.170374
-53576440.553041,16166,10277.535284
-80199168.027524,16166,10288.154833
-41697700.233232,16166,10296.938338
-31864125.654631,16166,10306.305534
-45310682.854232,16166,10316.356893
-114898644.396369,16166,10324.448174
-102574187.023124,16166,10331.15638
-67140136.428772,16166,10339.862226
-33108443.947235,16166,10347.211315
-33439828.060547,16166,10355.679355
-22214586.904226,16166,10361.719362
-26873092.004369,16166,10371.733954
-26309755.33777,16166,10382.355043
-28912050.077348,16166,10391.686546
-24766771.728842,16166,10398.354841
-41404316.771971,16166,10405.046807
-37594932.868191,16166,10413.831102
-29015799.432179,16166,10419.674088
-28235419.036499,16166,10425.316983
-17522650.399192,16166,10431.227678
-29061778.975563,16166,10437.074958
-21982990.396599,16166,10444.215719
-22934610.096324,16166,10451.485396
-54934649.243116,16166,10458.874642
-76400693.223552,16166,10467.63672
-60897028.496878,16166,10475.631577
-42701536.416101,16166,10483.66171
-95598150.38342,16166,10489.614671
-96079001.019412,16166,10497.985432
-93545496.647135,16166,10507.284266
-87002813.747247,16166,10515.389528
-68069516.981948,16166,10524.767884
-57045420.243535,16166,10531.374583
-53797105.433263,16166,10539.359875
-45560060.900956,16166,10545.973842
-33696791.260624,16166,10555.32069
-31163664.967787,16166,10565.349872
-32642194.174714,16166,10571.697686
-37372599.707114,16166,10577.70179
-121078072.929727,16166,10583.722937
-116656990.606267,16166,10593.154039
-106877603.552747,16166,10599.779136
-85617362.811638,16166,10607.83868
-35036298.738106,16166,10616.54746
-31533584.671929,16166,10625.902049
-30246654.319665,16166,10635.209593
-34343721.570757,16166,10645.812143
-35787283.473314,16166,10651.504462
-47991113.082951,16166,10658.201152
-29560091.888142,16166,10664.301748
-29678850.803279,16166,10672.384126
-32049527.182806,16166,10681.08632
-28900729.851416,16166,10691.101721
-27402777.858908,16166,10698.513736
-25486403.875569,16166,10704.491054
-29554800.381896,16166,10713.125594
-38629023.492149,16166,10722.164965
-37028264.959053,16166,10728.74707
-33358189.920987,16166,10736.807587
-30905875.961837,16166,10746.191046
-32138417.120944,16166,10755.515153
-33416434.348,16166,10764.133907
-29712432.885029,16166,10772.709736
-28746609.01826,16166,10779.278395
-29461131.161633,16166,10785.878781
-43010717.912577,16166,10792.208925
-38986982.939447,16166,10798.859963
-26239356.244176,16166,10804.889476
-33059599.094688,16166,10813.60318
-51859788.020526,16166,10822.9304
-89751310.048884,16166,10833.643616
-87199582.454456,16166,10842.279973
-77357838.468714,16166,10850.914722
-62838665.469675,16166,10857.634171
-44071032.255443,16166,10866.995694
-35893986.298324,16166,10874.063873
-36450359.363397,16166,10880.091001
-29726327.707936,16166,10886.736353
-32180150.093681,16166,10896.093435
-25149730.58956,16166,10903.497587
-22484548.140269,16166,10912.882478
-24830457.103513,16166,10919.562619
-26789427.39817,16166,10928.238764
-24896964.732682,16166,10938.175758
-20476069.791442,16166,10945.209902
-20881592.753578,16166,10956.581076
-16851300.774387,16166,10963.317317
-98504819.65109,16166,10971.361153
-87476027.550907,16166,10978.11771
-48686887.933837,16166,10984.842554
-18743910.689146,16166,10991.541095
-18181604.708879,16166,10998.878067
-19837254.542076,16166,11004.804975
-30167349.65682,16166,11011.42821
-25583236.957557,16166,11018.466975
-24199335.430245,16166,11027.800189
-23654376.326128,16166,11034.430593
-31408387.257374,16166,11043.102874
-30607538.013388,16166,11052.414996
-19993088.174751,16166,11062.452722
-21054639.640142,16166,11069.780278
-85698064.411361,16166,11079.15045
-109494005.182146,16166,11089.892338
-108631851.251814,16166,11098.300161
-107376528.09619,16166,11104.962159
-102630090.56452,16166,11112.971747
-102487488.20506,16166,11120.328474
-96465980.174872,16166,11126.376659
-91683531.733007,16166,11135.034681
-83445662.57923,16166,11144.342878
-70732528.816379,16166,11152.365187
-32793629.735426,16166,11161.058604
-33858964.347056,16166,11169.459472
-48896961.105583,16166,11177.492939
-48848631.165537,16166,11183.452826
-50706185.352098,16166,11192.842485
-32567725.981548,16166,11202.209474
-32960318.586058,16166,11208.901688
-30435813.9541,16166,11216.283903
-26353465.106091,16166,11226.367245
-31676343.121319,16166,11235.772291
-28117109.137959,16166,11241.739846
-35537916.345085,16166,11248.11604
-44825954.908582,16166,11259.542395
-40910984.302995,16166,11266.936736
-147118967.779774,16166,11272.876048
-274897470.599001,16166,11278.886931
-277834922.742119,16166,11285.585838
-268656785.096068,16166,11293.656018
-261775373.511693,16166,11301.731646
-235718121.237888,16166,11309.85172
-200736280.484284,16166,11315.559956
-178827093.785868,16166,11322.259383
-151739442.109254,16166,11328.957388
-120822075.131466,16166,11336.985421
-112936631.34719,16166,11347.053601
-64005190.238502,16166,11355.088655
-32803745.432648,16166,11363.781819
-34414615.634887,16166,11372.429158
-35614781.560456,16166,11381.173052
-36152669.454069,16166,11387.854361
-30667662.859837,16166,11394.20983
-23241286.448609,16166,11402.912102
-27222414.020941,16166,11410.943364
-32244050.194801,16166,11418.977615
-47234365.962004,16166,11427.644145
-124380948.952965,16166,11438.299004
-104438781.76907,16166,11446.971729
-68998514.422053,16166,11455.71586
-46974719.198607,16166,11462.415563
-41303529.384181,16166,11469.474692
-36055479.779388,16166,11476.129934
-27081394.862289,16166,11482.136974
-29382964.679921,16166,11490.176713
-20620305.321052,16166,11498.215837
-134956094.549171,16166,11507.628525
-160182725.527464,16166,11516.330215
-142502944.001333,16166,11525.728925
-115798751.425718,16166,11533.066129
-89037045.962665,16166,11542.830093
-65036981.521603,16166,11548.843265
-53658900.230747,16166,11556.843747
-38857184.558904,16166,11564.201187
-30979662.278204,16166,11572.907732
-25558925.438578,16166,11578.852808
-23814438.71542,16166,11584.776258
-25664493.188327,16166,11590.773277
-27195000.059215,16166,11599.557624
-35214662.525665,16166,11605.743819
-49518349.016025,16166,11612.975885
-110717456.626201,16166,11619.061942
-178077742.673458,16166,11627.118149
-168560682.070325,16166,11635.226761
-148476271.739483,16166,11641.200517
-99697384.578019,16166,11647.174047
-40934375.343413,16166,11657.908444
-26450114.087791,16166,11666.63033
-31329815.738986,16166,11675.316169
-34135083.289139,16166,11683.707131
-31919907.651296,16166,11693.774796
-31406320.626065,16166,11701.15447
-34162088.029365,16166,11709.174574
-73340099.172148,16166,11715.882783
-62586825.629619,16166,11723.932881
-55633906.735035,16166,11731.283147
-29103682.706505,16166,11739.276465
-23647020.283545,16166,11747.298443
-22401438.720669,16166,11753.967364
-19814847.254767,16166,11761.734728
-23548839.03852,16166,11768.357138
-22455595.373795,16166,11775.056328
-23943488.690985,16166,11781.120716
-28651413.087328,16166,11787.141943
-22091160.193424,16166,11794.557009
-24953735.64979,16166,11801.262705
-28015558.042246,16166,11809.326206
-77701697.221849,16166,11816.588074
-96264504.640811,16166,11823.570387
-79621659.056244,16166,11832.313098
-28685732.467583,16166,11840.296558
-28721696.360387,16166,11846.892596
-27083155.134032,16166,11852.889511
-21730377.527965,16166,11858.833328
-19418199.320505,16166,11864.80972
-25339160.410234,16166,11875.6033
-24829408.658977,16166,11884.25481
-31159045.725513,16166,11890.601569
-33491990.380636,16166,11898.657926
-29096964.113779,16166,11905.999084
-26312748.473486,16166,11913.315601
-21486580.829196,16166,11922.705118
-27270303.545525,16166,11929.372103
-32777448.441147,16166,11938.084263
-32954797.009102,16166,11944.716435
-72754817.166897,16166,11952.095119
-104072851.426702,16166,11960.112524
-100904421.119205,16166,11965.776777
-90418862.000909,16166,11975.108484
-67308849.591473,16166,11984.355893
-36146213.857586,16166,11994.394693
-29663961.00068,16166,12003.805182
-29968100.604193,16166,12012.522144
-32150472.274159,16166,12021.17941
-26118486.385073,16166,12030.550289
-31099819.603828,16166,12037.809137
-23661323.444063,16166,12044.16497
-26431380.470705,16166,12053.487828
-26208656.157899,16166,12061.456023
-30064737.743447,16166,12069.503704
-42889791.308012,16166,12078.2586
-29652317.729862,16166,12085.612049
-31922853.860596,16166,12092.237848
-30047113.295161,16166,12100.23862
-23748512.55911,16166,12107.559114
-25650998.052244,16166,12116.260905
-23339977.956797,16166,12123.310228
-21640421.434781,16166,12129.454706
-20178451.589719,16166,12138.854973
-52573775.98421,16166,12148.257123
-69418460.638226,16166,12155.618853
-58095017.859978,16166,12166.170913
-31622179.788966,16166,12174.169454
-168894509.442267,16166,12182.959505
-165210720.100811,16166,12190.983683
-159628844.034442,16166,12196.702089
-133699456.970671,16166,12204.790428
-86114592.375662,16166,12212.848047
-40036521.637052,16166,12219.385115
-36258451.880937,16166,12227.403756
-98880995.778224,16166,12233.960148
-138636747.470488,16166,12241.010817
-139542805.27033,16166,12247.463398
-139425843.26009,16166,12254.489053
-136636467.295721,16166,12264.412477
-129053685.373147,16166,12270.912265
-123086481.511572,16166,12279.203796
-119212494.370884,16166,12285.139879
-109323023.098412,16166,12291.091733
-95256127.224423,16166,12297.638539
-79521448.374532,16166,12306.012205
-39646796.025924,16166,12311.963871
-23460938.87925,16166,12317.918441
-20187443.067356,16166,12325.100937
-26093234.777542,16166,12333.140591
-22607367.630273,16166,12340.873448
-23652141.123589,16166,12348.704152
-30193813.500502,16166,12356.504625
-32804011.878014,16166,12364.346239
-30033604.008635,16166,12374.194702
-146188570.061019,16166,12381.406349
-199398655.881389,16166,12389.307158
-187131321.383281,16166,12396.599022
-173232445.75755,16166,12407.071984
-155718165.348372,16166,12413.723155
-97930538.125031,16166,12419.648001
-59768633.759436,16166,12428.308519
-93776562.710487,16166,12436.222819
-113083406.791115,16166,12444.214487
-100829648.763985,16166,12452.978437
-77362461.547122,16166,12460.306103
-112306113.603929,16166,12469.659312
-101844740.266283,16166,12479.571129
-49168430.34532,16166,12487.286326
-26356148.026139,16166,12495.302883
-23871687.2321,16166,12501.949418
-86578912.594156,16166,12508.723684
-75630198.761421,16166,12514.792847
-77025225.331888,16166,12523.488463
-38117331.380236,16166,12530.827527
-31441324.867654,16166,12538.891428
-21304302.148785,16166,12548.277953
-22153591.810267,16166,12555.294105
-99723768.031852,16166,12561.977315
-93934778.622201,16166,12568.062136
-72738671.606785,16166,12574.127549
-58225081.457813,16166,12582.811753
-37065473.473433,16166,12588.768876
-28198370.138731,16166,12596.785283
-24889072.157981,16166,12604.122276
-35283627.733423,16166,12612.832899
-23884562.351676,16166,12619.864082
-31197095.691477,16166,12629.204405
-31328068.221632,16166,12637.241389
-66000230.253316,16166,12643.247282
-100360217.41758,16166,12650.718705
-100858607.72991,16166,12659.380397
-99261754.335776,16166,12669.472807
-95009411.869421,16166,12676.7799
-74374731.528018,16166,12682.716779
-34461970.209801,16166,12691.388813
-24532209.19916,16166,12697.710467
-23673209.536371,16166,12707.142076
-27019240.361556,16166,12716.516704
-26594572.720224,16166,12725.884118
-24748769.645427,16166,12733.91195
-38370945.356561,16166,12741.926811
-26248811.385859,16166,12750.63213
-22833401.716119,16166,12758.579387
-22009007.101757,16166,12765.926257
-30281643.915906,16166,12775.035533
-31268735.184771,16166,12783.095463
-22802372.548315,16166,12793.105674
-20924888.825756,16166,12799.799601
-23612209.013536,16166,12807.773964
-22400670.413826,16166,12814.418615
-22048445.166161,16166,12821.019141
-25938847.918845,16166,12829.70317
-26598522.57089,16166,12839.06901
-25378779.454766,16166,12848.11887
-26139052.278592,16166,12856.740571
-23883945.040364,16166,12866.776992
-44938468.105642,16166,12875.462969
-153345650.326853,16166,12885.579833
-153350774.424418,16166,12893.615427
-131138670.336237,16166,12903.060799
-107373757.492693,16166,12911.090612
-56140975.783784,16166,12920.518041
-55462939.726604,16166,12927.834096
-20892107.73236,16166,12934.229332
-25919976.090582,16166,12942.980528
-80285450.125166,16166,12951.761976
-250334638.753937,16166,12959.834
-246870716.929922,16166,12969.198047
-246168399.852817,16166,12977.966579
-241724075.147659,16166,12986.049321
-222006188.907256,16166,12992.037126
-194378246.812434,16166,12998.730476
-161226983.063841,16166,13006.430614
-86302343.940938,16166,13014.436672
-44260329.318328,16166,13021.770942
-33955274.92352,16166,13030.489023
-23321554.207247,16166,13037.10344
-24691559.996656,16166,13045.024927
-24039492.712326,16166,13053.708301
-30528387.983672,16166,13061.561795
-28443399.752427,16166,13068.249187
-22915440.629142,16166,13077.583086
-26900424.025925,16166,13084.725533
-55228686.190552,16166,13092.058605
-87085974.342788,16166,13099.437626
-82622149.262711,16166,13106.139376
-75700199.919417,16166,13116.22842
-52071573.510107,16166,13126.36621
-26961903.653649,16166,13133.707616
-23397571.393623,16166,13139.709796
-18136668.706584,16166,13146.378156
-23017182.866549,16166,13152.696568
-19497768.143215,16166,13160.751995
-28020762.169899,16166,13171.584931
-46202592.51816,16166,13179.621599
-43143503.311582,16166,13188.386394
-33329706.452384,16166,13198.442778
-25379669.233153,16166,13207.778132
-27700126.22211,16166,13214.490248
-26462880.778819,16166,13221.189912
-26138020.402362,16166,13229.544148
-21988079.031611,16166,13240.286348
-18356751.535637,16166,13246.195409
-64582214.461939,16166,13252.059053
-65286531.549895,16166,13258.707958
-26398210.639934,16166,13266.658413
-27215278.223714,16166,13273.272205
-41215300.699015,16166,13281.255826
-42223728.98225,16166,13287.309736
-37530780.227127,16166,13293.959444
-35771390.667902,16166,13301.677883
-45849241.295658,16166,13309.650004
-32895117.378934,16166,13316.900307
-25856372.767072,16166,13324.724095
-37722717.114189,16166,13330.676919
-38228905.042358,16166,13340.728975
-34008886.335095,16166,13348.715848
-28342642.815483,16166,13358.674734
-28354975.15372,16166,13365.291929
-55716028.35899,16166,13372.315992
-153323998.423981,16166,13379.668072
-150029820.689888,16166,13389.734615
-129342656.204757,16166,13398.436492
-83194930.436293,16166,13407.170325
-31179946.15958,16166,13413.795036
-56873583.152265,16166,13421.083491
-111266456.008677,16166,13427.028614
-102321823.855047,16166,13432.921084
-61737464.098662,16166,13439.569162
-40990013.48185,16166,13447.940192
-33157318.866991,16166,13457.303756
-37672709.789619,16166,13463.347136
-27785938.312143,16166,13470.029426
-23082573.417898,16166,13477.578505
-93021838.577263,16166,13484.889248
-46174130.497621,16166,13491.488728
-24256244.668786,16166,13499.442234
-29398503.126354,16166,13507.422446
-30648091.858002,16166,13514.398818
-32540425.712948,16166,13521.684211
-27275271.723078,16166,13531.051342
-29837662.447033,16166,13539.741929
-31277007.241448,16166,13549.113446
-25512223.423578,16166,13555.748663
-23050917.874534,16166,13565.12016
-20758696.570434,16166,13573.050308
-40786710.034507,16166,13581.68129
-55327675.470481,16166,13589.380831
-35907689.386086,16166,13596.782329
-24105670.245111,16166,13604.155964
-32843072.513491,16166,13610.244556
-37322345.523681,16166,13618.276784
-44745939.708609,16166,13629.701907
-37410935.152206,16166,13639.005165
-34145132.00526,16166,13648.36245
-29593106.142353,16166,13657.759504
-40553290.370324,16166,13665.85597
-23575077.093602,16166,13672.229382
-168974574.507416,16166,13680.95573
-210183508.649234,16166,13687.036368
-195081064.119018,16166,13697.920091
-170688475.888375,16166,13703.928923
-126152933.990104,16166,13709.897393
-46785906.219564,16166,13718.625337
-23264344.184377,16166,13726.630497
-20377662.327924,16166,13735.3676
-22870078.409823,16166,13743.062782
-24140650.117557,16166,13748.961177
-23989188.55005,16166,13756.271351
-35518829.860469,16166,13764.288617
-54955539.496597,16166,13770.234153
-51087189.463133,16166,13777.626531
-41303729.865769,16166,13784.892668
-110458517.803092,16166,13792.883021
-108253842.939119,16166,13800.892923
-65555642.26461,16166,13808.173856
-43445271.047084,16166,13816.613223
-29850020.992823,16166,13824.687948
-23628050.876758,16166,13834.083386
-48036261.754413,16166,13841.449004
-102826264.08803,16166,13848.163505
-86804883.551525,16166,13855.55718
-48358638.729093,16166,13866.218949
-42037397.166593,16166,13876.313206
-37372217.031958,16166,13885.025282
-55211029.385369,16166,13892.005251
-53523094.003617,16166,13898.58149
-33637761.50126,16166,13906.52731
-26746927.738648,16166,13913.827466
-29182220.280337,16166,13921.083037
-32240797.807255,16166,13931.101616
-27794077.109578,16166,13937.080897
-26489714.812162,16166,13943.061479
-24363517.357228,16166,13949.728507
-26554093.472518,16166,13960.137884
-25273131.850396,16166,13969.553517
-31778993.954974,16166,13979.568523
-28562093.809778,16166,13988.991724
-29798906.991324,16166,13997.06396
-25073201.669388,16166,14005.086546
-28513277.011217,16166,14011.804579
-148936344.025037,16166,14019.862811
-167867903.969857,16166,14028.655607
-148167183.755287,16166,14034.752992
-98432745.580337,16166,14041.761289
-112703356.818061,16166,14051.179351
-97569617.670156,16166,14059.275743
-102318249.934819,16166,14068.69463
-43482061.676713,16166,14076.73101
-37234221.858619,16166,14085.319277
-25931659.185321,16166,14094.003682
-31638512.04376,16166,14102.692116
-27970613.091312,16166,14111.326613
-25702703.703402,16166,14119.772759
-27502417.968186,16166,14126.350166
-31918344.644636,16166,14135.718252
-29052135.768476,16166,14146.487557
-32582097.168272,16166,14154.560132
-24321612.512554,16166,14163.971846
-163659995.659608,16166,14172.070757
-143019653.003059,16166,14180.832362
-117512717.413719,16166,14189.567327
-69611299.655968,16166,14199.010665
-45786184.861331,16166,14204.677927
-29486132.593092,16166,14211.361212
-24898382.662127,16166,14218.829051
-26980934.825628,16166,14228.233356
-27655341.548964,16166,14234.206294
-30449173.730547,16166,14242.951892
-28107522.361023,16166,14251.006793
-31187986.694451,16166,14261.096136
-216109604.471371,16166,14269.835859
-207167392.10368,16166,14276.244031
-185132921.212204,16166,14285.023527
-166776811.889251,16166,14293.079059
-113682643.812202,16166,14299.773646
-38348768.292929,16166,14307.846436
-32262177.81329,16166,14315.297013
-28242015.931977,16166,14322.03382
-32202855.532209,16166,14330.092777
-28733502.109351,16166,14338.113528
-35815489.175686,16166,14344.423602
-65175203.590889,16166,14352.447788
-48081247.721649,16166,14359.776798
-39767597.791371,16166,14367.791702
-45747732.019372,16166,14374.33752
-61151450.766132,16166,14381.606
-53541099.087187,16166,14389.713035
-35937286.422954,16166,14400.484079
-28142635.127703,16166,14410.53837
-32100414.760607,16166,14420.594665
-40428421.463992,16166,14428.969528
-33438265.583037,16166,14439.026109
-21535338.905088,16166,14447.764177
-176089467.397871,16166,14456.483817
-162725302.687465,16166,14466.592783
-114979202.95108,16166,14472.588725
-53084605.869457,16166,14481.299885
-35984304.936208,16166,14488.64425
-27555785.043506,16166,14495.969653
-35414293.805856,16166,14502.911264
-25592225.533606,16166,14512.29568
-30489086.047461,16166,14520.296842
-30336929.805386,16166,14527.559629
-94879625.558046,16166,14535.330723
-147706767.847283,16166,14542.814249
-148527606.614893,16166,14549.263286
-148504393.102213,16166,14555.053114
-147793709.052225,16166,14564.562266
-140994988.821004,16166,14571.101615
-128043040.916407,16166,14578.559995
-120725964.994044,16166,14586.952048
-119547204.115028,16166,14595.91081
-115421098.648407,16166,14604.307891
-98112975.06217,16166,14614.510723
-82049605.159937,16166,14621.620149
-38803081.055434,16166,14629.30632
-21654101.819766,16166,14637.598936
-22963229.786577,16166,14645.923368
-34226865.030355,16166,14651.46741
-269591760.209078,16166,14660.502653
-267699899.192239,16166,14667.669924
-256287715.349802,16166,14673.628863
-224564178.948933,16166,14680.394051
-171769619.768815,16166,14688.937367
-91984960.517337,16166,14697.550329
-55282588.736054,16166,14706.19919
-107880840.473523,16166,14712.924556
-141382181.484928,16166,14720.660491
-139397411.752564,16166,14726.709678
-137104045.518144,16166,14732.836082
-133655401.709939,16166,14739.573442
-131726928.401014,16166,14747.567886
-131928029.543626,16166,14753.440505
-129056328.028035,16166,14760.111368
-124239889.017784,16166,14768.813765
-121995258.874986,16166,14779.558613
-113104076.20442,16166,14787.625772
-100391965.281906,16166,14795.365795
-69450818.526014,16166,14804.093885
-30759065.713359,16166,14812.116823
-27076649.685312,16166,14818.157617
-30824773.692202,16166,14824.160727
-28482071.361238,16166,14834.254838
-28130123.625836,16166,14840.934152
-37519523.789958,16166,14847.603523
-46701261.792235,16166,14855.638123
-51877743.557927,16166,14861.336957
-45933099.967961,16166,14870.048791
-30505097.641067,16166,14878.765203
-40648896.45032,16166,14886.200591
-34470996.589149,16166,14892.213988
-29000408.077551,16166,14898.933572
-27339503.237747,16166,14906.931066
-27503537.98974,16166,14914.259763
-79094815.911725,16166,14923.003021
-77663610.531261,16166,14931.015094
-50928472.489083,16166,14936.744722
-57789189.521423,16166,14942.868636
-51907847.795824,16166,14948.939444
-48923542.277031,16166,14955.643784
-21768762.357087,16166,14962.313425
-33812699.494388,16166,14970.349687
-22619500.459709,16166,14977.690279
-29374956.786316,16166,14984.42066
-24905062.506267,16166,14991.82649
-27258953.423212,16166,14998.910151
-23864645.224157,16166,15005.02795
-33976537.088952,16166,15011.162328
-105129051.690318,16166,15019.253727
-104965263.905232,16166,15027.281235
-98093820.125721,16166,15036.680111
-89535586.67486,16166,15044.070572
-56378611.600574,16166,15052.785398
-30386100.131494,16166,15061.599862
-40747188.374736,16166,15067.967111
-36805355.555462,16166,15075.394184
-25169222.285929,16166,15081.388931
-60489783.216946,16166,15088.109191
-39654241.072686,16166,15094.895009
-73948894.698212,16166,15101.533033
-32468445.10991,16166,15108.870984
-36643756.04352,16166,15115.653539
-24200901.078644,16166,15122.35165
-25112462.995463,16166,15129.066164
-27230446.347592,16166,15136.727749
-28094578.891125,16166,15142.723562
-27115583.491452,16166,15149.44861
-35606103.584135,16166,15158.907566
-35140553.388031,16166,15166.992496
-31177123.446028,16166,15173.68377
-20118689.211624,16166,15180.393445
-19169621.224663,16166,15186.416509
-53762054.808927,16166,15195.165583
-47931097.881711,16166,15204.269441
-147020165.816742,16166,15210.289594
-133443416.515083,16166,15219.037242
-80157384.383015,16166,15227.169631
-127356639.737795,16166,15233.838988
-78012983.19069,16166,15240.529758
-23683481.174884,16166,15246.483817
-21690924.131677,16166,15252.43033
-25209114.546921,16166,15261.887972
-23422860.514726,16166,15268.960595
-22739868.71663,16166,15278.341822
-25196467.457438,16166,15285.060362
-21038819.799986,16166,15293.086606
-22393527.624919,16166,15299.733101
-19036628.169997,16166,15307.761671
-25730328.249774,16166,15317.163637
-26743845.531284,16166,15325.214311
-59121714.586788,16166,15332.57642
-84749502.276364,16166,15342.718347
-42683888.859757,16166,15351.111273
-21232794.846648,16166,15360.512718
-27762622.224014,16166,15368.508756
-30921504.124552,16166,15375.157506
-30269793.825978,16166,15383.85211
-25844790.671297,16166,15393.188413
-20846026.433475,16166,15400.524284
-25146816.769785,16166,15409.939726
-27121339.382342,16166,15418.687543
-25426000.572441,16166,15425.042057
-34886229.829763,16166,15431.699142
-40695803.402411,16166,15439.761171
-37582456.380832,16166,15449.771812
-23255793.988813,16166,15456.42565
-26720001.226846,16166,15463.853405
-26230036.897712,16166,15470.564275
-21533479.159238,16166,15477.95181
-21825751.801201,16166,15485.331245
-23393616.721387,16166,15493.37853
-31214295.280368,16166,15503.813938
-70449408.209424,16166,15515.229513
-72538446.908,16166,15523.91129
-58082961.153897,16166,15530.524926
-43786225.804444,16166,15536.453426
-32168872.904402,16166,15546.47101
-77890374.677922,16166,15553.135157
-81469625.545218,16166,15561.110027
-61496318.576383,16166,15567.10913
-54050260.364319,16166,15574.793518
-82943259.910339,16166,15582.105064
-100992125.184491,16166,15590.070033
-44110837.68956,16166,15598.05369
-21627842.620029,16166,15604.696486
-24412522.072099,16166,15611.400716
-23213068.284906,16166,15619.425844
-32563297.059929,16166,15625.346147
-24431477.508924,16166,15633.340944
-20926023.201798,16166,15640.321389
-22898610.77999,16166,15649.694662
-16789778.007488,16166,15657.001798
-25950487.090501,16166,15663.639096
-25342869.407976,16166,15670.997036
-24480999.563096,16166,15678.358957
-27299097.077383,16166,15685.744375
-23794268.896774,16166,15695.136549
-82706025.764207,16166,15705.247452
-136191883.205622,16166,15712.588512
-134642451.940575,16166,15719.01264
-123680278.972823,16166,15726.428089
-100201310.30203,16166,15733.753181
-145249301.102959,16166,15741.096808
-111500210.032684,16166,15747.759326
-32005108.991889,16166,15753.637938
-25957453.025371,16166,15761.643491
-22618579.049167,16166,15768.375857
-63825840.896582,16166,15774.357202
-80434024.341103,16166,15780.705142
-79276037.33395,16166,15786.731739
-63381835.430901,16166,15792.717829
-48623622.332483,16166,15799.411498
-41594706.536854,16166,15806.095156
-26808681.160419,16166,15812.174482
-22867843.26458,16166,15820.305721
-24523472.848616,16166,15829.016779
-22188053.661507,16166,15838.371223
-32956503.551239,16166,15846.421674
-64929519.392193,16166,15853.443048
-118761051.487582,16166,15861.472161
-117892581.324452,16166,15867.551357
-115408187.680797,16166,15874.291544
-110830919.257234,16166,15880.183849
-88923513.737178,16166,15888.85496
-51469671.15806,16166,15897.56268
-43225051.577091,16166,15909.015104
-32688395.269991,16166,15917.702017
-33514375.180515,16166,15925.403659
-25635413.79044,16166,15934.71753
-23937780.495129,16166,15941.987376
-22064856.374864,16166,15950.008466
-24472601.665593,16166,15961.501617
-23807993.910711,16166,15968.783855
-26017862.465216,16166,15976.069999
-76258688.43266,16166,15984.794425
-77140145.294955,16166,15993.482201
-40917709.97531,16166,16000.554357
-63534880.998643,16166,16009.979192
-25640059.306317,16166,16016.554814
-33941555.231804,16166,16024.500769
-24786835.877547,16166,16031.792848
-32393839.951752,16166,16037.670978
-33511086.678323,16166,16044.268721
-69149913.754419,16166,16052.947034
-127900847.109748,16166,16060.301228
-121341760.162913,16166,16070.427224
-113185751.304681,16166,16078.072923
-81719497.06407,16166,16086.110096
-34144425.02255,16166,16096.156773
-25858860.528893,16166,16102.05717
-72963631.919318,16166,16109.417614
-129048131.899683,16166,16115.425269
-122847582.680302,16166,16124.083086
-110222493.902076,16166,16131.434156
-75073290.968822,16166,16139.406542
-40457335.700567,16166,16146.414408
-23277903.453473,16166,16152.977499
-27980083.344806,16166,16162.309743
-38734946.289403,16166,16171.747391
-70392857.121007,16166,16179.79618
-68445950.075725,16166,16187.782761
-58749277.261439,16166,16193.680427
-44735070.917261,16166,16200.244456
-31459368.770307,16166,16209.636648
-25783446.549204,16166,16217.612171
-27576495.671823,16166,16225.371997
-32594918.327533,16166,16233.391498
-28009697.183733,16166,16240.73009
-33412355.466292,16166,16248.789256
-47233769.063028,16166,16259.511171
-28599913.660375,16166,16266.868618
-55205316.823996,16166,16273.448573
-132451269.969224,16166,16280.72958
-132061679.566416,16166,16287.338064
-129447307.159598,16166,16296.397984
-125791398.10236,16166,16305.739582
-119931173.20975,16166,16311.705055
-102080223.644674,16166,16317.701266
-65086403.151301,16166,16323.669557
-46041991.791678,16166,16331.627531
-50811742.224331,16166,16340.965047
-95170596.97871,16166,16349.673277
-91492732.185607,16166,16358.369639
-80217361.01015,16166,16367.466582
-55241503.974536,16166,16376.796087
-29030613.010056,16166,16384.114174
-24323238.017907,16166,16391.458322
-20008918.655149,16166,16399.35484
-25582326.186757,16166,16409.354518
-27149249.138472,16166,16416.637134
-24244021.244978,16166,16422.536551
-25846187.089472,16166,16429.248272
-58285235.608475,16166,16437.960436
-85547369.713308,16166,16443.728253
-75477718.229881,16166,16449.786999
-58088788.829651,16166,16457.834625
-46984875.50147,16166,16463.796158
-55984572.608108,16166,16471.186521
-54289710.937606,16166,16477.87415
-28850358.220532,16166,16483.854855
-25959347.526366,16166,16491.902691
-41778071.134214,16166,16499.885966
-41113269.436035,16166,16506.952272
-35995996.771251,16166,16518.39378
-125765869.686792,16166,16529.157882
-126691379.941551,16166,16537.136567
-124853542.319041,16166,16543.135955
-120380824.315552,16166,16550.487769
-112060189.144082,16166,16558.529111
-96780954.859299,16166,16566.549061
-66043370.904576,16166,16573.224203
-30454760.694092,16166,16581.223309
-25024722.199976,16166,16589.582731
-60839221.45112,16166,16597.580783
-109387433.285671,16166,16608.357904
-105927249.761627,16166,16615.00677
-104240392.951642,16166,16623.740413
-97463658.923572,16166,16629.731605
-78793076.677821,16166,16636.319253
-30594940.368297,16166,16644.273734
-42522507.014908,16166,16651.569033
-50166318.713154,16166,16658.660048
-28599481.65457,16166,16665.994782
-23511823.340026,16166,16672.620123
-24342451.358034,16166,16680.654545
-23858879.466358,16166,16688.04029
-24398445.845675,16166,16694.051125
-26043385.772358,16166,16701.452578
-26437058.207247,16166,16708.786889
-24458344.70924,16166,16717.520534
-25290984.598389,16166,16723.863528
-35613061.877989,16166,16730.501692
-68605075.936386,16166,16739.870905
-100791964.233822,16166,16745.844289
-99854057.124754,16166,16755.956137
-100421489.766307,16166,16766.037952
-79739461.127544,16166,16773.425424
-48714091.448768,16166,16780.814189
-28958638.714394,16166,16788.156915
-28942373.602831,16166,16796.188737
-31534426.051617,16166,16803.207001
-45111690.104596,16166,16810.495969
-85182732.700571,16166,16817.853387
-69196770.081203,16166,16825.223588
-39452354.161384,16166,16833.237084
-30560215.215318,16166,16840.529237
-23058208.985339,16166,16847.835789
-27438824.291864,16166,16856.557511
-49268159.599763,16166,16862.571272
-62627131.730936,16166,16870.927634
-31434887.882684,16166,16877.516547
-24681621.126924,16166,16883.426467
-20679697.857967,16166,16892.087929
-32860672.68765,16166,16898.736276
-53413890.963873,16166,16907.412586
-39920290.357574,16166,16913.425153
-32099360.362575,16166,16922.811224
-38247623.797177,16166,16929.484468
-54901920.004735,16166,16935.456422
-66873437.837309,16166,16943.143022
-67670674.959793,16166,16950.4504
-58773968.636436,16166,16960.510364
-33460371.762789,16166,16967.837825
-28298016.086568,16166,16975.851268
-22246171.421769,16166,16985.231972
-29796922.911991,16166,16993.219527
-29779099.524672,16166,16999.917155
-24651740.315185,16166,17007.935154
-21127729.389908,16166,17013.588663
-21028670.057404,16166,17022.938277
-36886366.967327,16166,17033.637786
-81347287.434462,16166,17041.649513
-64021458.063697,16166,17051.737928
-28523810.937148,16166,17059.02032
-22957183.384741,16166,17069.14081
-156608231.263218,16166,17076.509022
-214150795.231365,16166,17083.230448
-205242583.881104,16166,17092.333362
-194917029.464548,16166,17100.433961
-184555326.36598,16166,17107.192503
-143892691.960425,16166,17115.296984
-76123809.217031,16166,17122.714929
-28863393.408529,16166,17130.743881
-73473264.321859,16166,17140.773791
-120264194.072413,16166,17147.467863
-91651561.312025,16166,17153.469928
-54338583.394418,16166,17160.205295
-80941933.358962,16166,17167.987172
-77058101.305899,16166,17174.008436
-61701409.737635,16166,17180.770715
-33761013.023523,16166,17188.160688
-24615723.905329,16166,17196.846728
-26948178.806154,16166,17205.641708
-19583799.871334,16166,17214.412773
-25924898.46115,16166,17221.126925
-24424526.551458,16166,17231.245792
-46232685.860189,16166,17238.972982
-243705120.363858,16166,17245.691316
-244969841.324598,16166,17254.480198
-235166960.686268,16166,17263.23637
-225913390.30678,16166,17274.035277
-201397125.465125,16166,17282.732258
-162572179.55333,16166,17290.721701
-97369424.025392,16166,17299.378093
-37880558.325645,16166,17308.040475
-69411451.143015,16166,17317.471458
-18460886.68522,16166,17325.187679
-145394326.264838,16166,17335.282616
-154235925.78065,16166,17344.730845
-130045332.459103,16166,17355.562953
-91124447.81749,16166,17362.228203
-64657713.327392,16166,17371.630753
-36577394.536776,16166,17382.350286
-40551502.063565,16166,17390.264059
-51018907.095603,16166,17398.929593
-321870873.953945,16166,17406.028339
-322934097.288626,16166,17414.745869
-320696889.555363,16166,17422.099133
-311315022.283833,16166,17428.129972
-308646013.61172,16166,17435.770602
-295576697.442343,16166,17444.762208
-282214741.329547,16166,17452.210574
-265641941.81707,16166,17459.006318
-232175471.992289,16166,17465.043071
-196007835.421933,16166,17474.24707
-144555375.873695,16166,17483.104096
-76333281.793035,16166,17492.63843
-44419886.491117,16166,17502.055414
-30071789.705112,16166,17510.176534
-27166313.785872,16166,17517.61634
-24892817.959986,16166,17523.764612
-27504563.377276,16166,17529.979059
-25143496.448801,16166,17537.509892
-24082469.738446,16166,17556.805482
-28705313.615376,16166,17588.798168
-46580454.866873,16166,17744.948938
-59772971.359199,16166,17836.578489
-67899918.711164,16166,17929.99216
-40781208.634796,16166,18031.183994
-29508446.139165,16166,18195.998306
-37349613.141155,16166,18372.51772
-37890599.108728,16166,18472.191347
-35457679.124677,16166,18619.021607
-30355260.891177,16166,18761.195959
-62910168.57524,16166,18870.446376
-90718580.565087,16166,18968.15497
-87912664.039198,16166,19111.014782
-70270560.836512,16166,19280.260898
-34044534.753131,16166,19362.893471
-34243849.841601,16166,19508.97576
-41329190.973945,16166,19515.358756
-35058660.300503,16166,19637.805711
-37280185.161503,16166,19801.873202
-41446213.502068,16166,19982.349314
-44528237.882262,16166,20147.976809
-34483344.643331,16166,20271.522208
-26830713.854208,16166,20308.001425
-25695245.360155,16166,20393.916713
-33071074.355382,16166,20419.109291
-35455076.913684,16166,20543.653319
-31722599.841518,16166,20616.319586
-29021046.938162,16166,20797.346122
-23870321.397792,16166,20814.610961
-48539155.653171,16166,20959.641098
-84000677.493042,16166,21087.682391
-40521013.32991,16166,21123.328662
-17815629.347094,16166,21167.263946
-18905633.789584,16166,21250.151324
-19864548.325793,16166,21359.40584
-22595633.937842,16166,21417.965947
-29183401.353417,16166,21437.394664
-37802839.68061,16166,21566.480763
-28794732.016333,16166,21745.524513
-19309503.015083,16166,21783.802063
-21128010.322564,16166,21924.235215
-17453741.959258,16166,22024.458667
-19205174.846586,16166,22115.361037
-20096581.652186,16166,22127.433714
-20860446.562889,16166,22225.204698
-21284106.840832,16166,22364.008721
-17741313.281252,16166,22449.209703
-41478172.642753,16166,22526.991109
-72945440.547281,16166,22586.42209
-67673137.113566,16166,22727.906466
-51249569.43925,16166,22787.593707
-31374044.863573,16166,22810.060102
-17792082.853287,16166,22914.640883
-24938918.730838,16166,23031.813982
-23200695.049335,16166,23081.832386
-25877005.757821,16166,23101.356884
-20175069.602961,16166,23212.535903
-22201673.56998,16166,23423.141185
-58808588.130329,16166,23562.027589
-44618101.531058,16166,23707.553766
-75900784.905867,16166,23808.430679
-36366648.491378,16166,23874.597974
-22882377.440856,16166,23986.174905
-24408146.810409,16166,24110.732095
-54572696.021243,16166,24159.016484
-69208380.427926,16166,24175.854674
-97494068.76556,16166,24289.088079
-95561815.445615,16166,24365.277644
-88195089.34844,16166,24401.953109
-63658370.433169,16166,24449.400254
-34264660.579626,16166,24581.059436
-25948934.593485,16166,24742.033944
-29362272.043267,16166,24868.000429
-40328950.337997,16166,24967.529294
-41116711.089207,16166,25067.124882
-25247224.401767,16166,25198.553918
-40812135.061699,16166,25250.681611
-64337860.636253,16166,25342.230576
-45509531.748643,16166,25403.589872
-24296915.192087,16166,25502.643984
-117667536.433969,16166,25549.928856
-224659401.220832,16166,25557.063626
-223590906.379981,16166,25702.949547
-217977821.108257,16166,25803.186982
-202439963.199008,16166,25947.492165
-165823033.939828,16166,26102.956997
-101461071.428229,16166,26128.651215
-35962593.0978,16166,26314.659265
-39799169.676214,16166,26336.825521
-36782528.303164,16166,26347.441698
-37413621.054442,16166,26429.053169
-22941163.975859,16166,26499.449905
-31296337.736106,16166,26612.56075
-34719697.352664,16166,26751.898555
-32219978.191023,16166,26880.381372
-24813587.705554,16166,27016.765458
-73070207.173873,16166,27057.588538
-33690768.37819,16166,27150.065154
-22282598.41439,16166,27246.921589
-15633203.068578,16166,27349.388513
-63527150.808063,16166,27450.067878
-79306514.455579,16166,27506.283725
-88340022.426947,16166,27512.699598
-83030684.767191,16166,27604.950158
