#{"t_start": 1747235418.572347, "env_id": "BuildingEnv"}
r,l,t
-5477329.1147,16166,5.461278
-5382269.451054,16166,10.032603
-5177443.017406,16166,14.531373
-5498055.153071,16166,18.97696
-5332266.064848,16166,23.390134
-5159981.256601,16166,27.860538
-5195193.805067,16166,32.25003
-5092224.221956,16166,36.668054
-5122844.40807,16166,41.083034
-5173902.480624,16166,45.515235
-5009936.641168,16166,49.966405
-4849920.911305,16166,54.417918
-4935627.238942,16166,58.906871
-4844951.028173,16166,63.379979
-4675242.159262,16166,67.878772
-4802455.533856,16166,72.327721
-4730269.066855,16166,76.769732
-4780265.544467,16166,81.227655
-4738466.505595,16166,85.713066
-4300749.576194,16166,90.229059
-4573725.174064,16166,94.757553
-4444611.951986,16166,99.288415
-4331275.488961,16166,104.059016
-4241699.062641,16166,108.614542
-4258987.695143,16166,113.207022
-4404000.565685,16166,117.769415
-4176436.330682,16166,122.242949
-4412580.17751,16166,126.725591
-4161204.362807,16166,131.220032
-4001017.233561,16166,135.73776
-3854444.978698,16166,140.273453
-3792242.947052,16166,144.816647
-3820738.521301,16166,149.371493
-3891914.034321,16166,153.909708
-3853476.636986,16166,158.455135
-3691274.64584,16166,163.004393
-3610155.176209,16166,167.54994
-3596847.599646,16166,172.14026
-3633876.679659,16166,176.734004
-3661786.665702,16166,181.306786
-3577503.22414,16166,185.935478
-3467308.770938,16166,190.573855
-3459217.826963,16166,195.313435
-3639614.821405,16166,200.133803
-3339839.937868,16166,204.754765
-3426858.895382,16166,209.351732
-3315185.997616,16166,213.954732
-3277661.411859,16166,218.582523
-3252078.421519,16166,223.22285
-3085523.533389,16166,227.9428
-3178005.313164,16166,232.703585
-3189946.245666,16166,237.349654
-3093546.456434,16166,242.075169
-2861118.510862,16166,246.892402
-2941737.947099,16166,251.568453
-2885834.475759,16166,256.445146
-2965606.04766,16166,261.170416
-2826977.975324,16166,265.923058
-2978119.508324,16166,270.722059
-2760547.911948,16166,275.476084
-2612137.591889,16166,280.231409
-2910892.965287,16166,284.981983
-2790667.337389,16166,289.716624
-3006552.801258,16166,294.475546
-3128922.336682,16166,299.270265
-3052509.712781,16166,304.058023
-3098667.99551,16166,308.827847
-3205265.519101,16166,313.601619
-2965235.31218,16166,318.383113
-3122627.608861,16166,323.193701
-3199189.29653,16166,327.98783
-2870388.386941,16166,332.799591
-3522545.368601,16166,337.620214
-2969672.291734,16166,342.488634
-2797806.493683,16166,347.413732
-2877784.195159,16166,352.244032
-2859951.839777,16166,357.085379
-2709400.658592,16166,361.911951
-5587193.967872,16166,366.768658
-2760675.617137,16166,371.645611
-3079908.97202,16166,376.536214
-3142911.329859,16166,381.407088
-2466891.725508,16166,386.293323
-2296570.869937,16166,391.176305
-2174803.72113,16166,396.164044
-2167451.662072,16166,401.09413
-2010213.923105,16166,406.098677
-1853418.547784,16166,411.100224
-2005070.480608,16166,416.087288
-1871523.090042,16166,421.003556
-1797386.293872,16166,425.96465
-1699646.493358,16166,430.948294
-1757031.466608,16166,435.921261
-1649342.200331,16166,440.877389
-1670967.180328,16166,445.836166
-1554920.64401,16166,450.832507
-1583856.155981,16166,455.846036
-1517607.78984,16166,460.928016
-1452607.614028,16166,465.970338
-1445439.393672,16166,471.008266
-1402932.10055,16166,476.045321
-1551314.000959,16166,481.089765
-1359619.782481,16166,486.12221
-1358651.197316,16166,491.189314
-1323065.308558,16166,496.219166
-1297850.067366,16166,501.305429
-1389355.222619,16166,506.387869
-1289195.954289,16166,511.515729
-1371991.472688,16166,516.650262
-1308232.793441,16166,521.78065
-1227445.496513,16166,527.022159
-1227996.313903,16166,532.403791
-1192620.21256,16166,537.752504
-1212606.032651,16166,542.85197
-1212021.490806,16166,547.921554
-1203857.265204,16166,553.047183
-1067025.307553,16166,558.289249
-1078518.476387,16166,563.543254
-1023686.760389,16166,568.689765
-1035050.654885,16166,573.826657
-1034789.993924,16166,578.965219
-992132.288113,16166,584.2028
-899310.149486,16166,589.44127
-982651.378949,16166,594.621213
-912911.363426,16166,599.81392
-917433.666912,16166,605.008615
-873030.801129,16166,610.239971
-887731.58372,16166,615.495556
-866239.798592,16166,620.753088
-785742.979414,16166,626.096375
-789080.391189,16166,631.397117
-835117.715928,16166,636.655651
-759722.395161,16166,641.878254
-799233.114487,16166,647.104911
-705910.919201,16166,652.333746
-677417.659888,16166,657.62357
-653994.626473,16166,662.967113
-692833.500573,16166,668.257625
-638741.693566,16166,673.557241
-689745.768286,16166,678.824391
-628316.959927,16166,684.103154
-617256.634502,16166,689.480645
-565673.484401,16166,694.85812
-578278.976427,16166,700.225305
-584071.952809,16166,705.750415
-581204.519881,16166,711.426078
-537780.597535,16166,716.86357
-527249.784192,16166,722.228651
-511480.175651,16166,727.611291
-464662.531818,16166,733.027818
-391676.524514,16166,738.465369
-454839.555695,16166,743.839058
-436954.342607,16166,749.230746
-459268.484482,16166,754.621188
-439145.99211,16166,760.028016
-404201.972969,16166,765.454958
-407412.650421,16166,770.890843
-417844.566886,16166,776.30782
-384372.537395,16166,781.72189
-379122.586181,16166,787.170769
-358253.155494,16166,792.631425
-370007.861386,16166,798.186542
-349481.038548,16166,803.703331
-292863.292748,16166,809.251689
-317432.667221,16166,814.745136
-273904.869307,16166,820.250802
-273774.493761,16166,825.808152
-289785.116416,16166,831.334737
-271459.120506,16166,837.109021
-256985.941109,16166,842.696659
-215254.13858,16166,848.221814
-212630.688886,16166,853.693989
-224235.125777,16166,859.460901
-218866.02855,16166,865.035259
-210646.987627,16166,870.640841
-205522.483617,16166,876.216479
-162789.067053,16166,881.770506
-202848.607055,16166,887.35456
-168596.194878,16166,892.919218
-165787.411675,16166,898.474737
-162357.218615,16166,904.045051
-164291.243108,16166,909.622368
-137429.433371,16166,915.201762
-153002.702931,16166,920.808925
-155639.691256,16166,926.384382
-119678.518799,16166,932.00654
-116311.469794,16166,937.745222
-111574.622003,16166,943.652669
-82709.915979,16166,949.586192
-93854.697695,16166,955.463031
-105121.647117,16166,961.385535
-86506.629331,16166,967.320542
-86770.088608,16166,973.003618
-85946.489983,16166,978.948861
-67777.338117,16166,984.861668
-80138.885224,16166,990.775379
-69882.733558,16166,996.47007
-76028.951432,16166,1002.133984
-83544.640397,16166,1007.78357
-64653.195587,16166,1013.468957
-71685.512123,16166,1019.124903
-76121.68892,16166,1024.793875
-89737.301233,16166,1030.642452
-61473.281844,16166,1036.477429
-63027.153374,16166,1042.201825
-49115.881865,16166,1047.904338
-46050.557119,16166,1053.628044
-45564.679425,16166,1059.409024
-53267.518007,16166,1065.213393
-49217.599424,16166,1070.980658
-35412.059532,16166,1076.766462
-39313.873052,16166,1082.570484
-36602.745723,16166,1088.373357
-31612.741331,16166,1094.119991
-33041.406435,16166,1099.890978
-35434.772051,16166,1105.708817
-37427.629169,16166,1111.470002
-34217.555533,16166,1117.259985
-33346.119392,16166,1123.104869
-31548.520895,16166,1128.955003
-33273.47167,16166,1134.801537
-32081.745627,16166,1140.63937
-27686.373295,16166,1146.564416
-29033.969402,16166,1152.452161
-23578.150284,16166,1158.284328
-30757.445434,16166,1164.132409
-22993.231364,16166,1169.964196
-22222.346263,16166,1175.898828
-19989.413089,16166,1181.849029
-26032.05098,16166,1187.836383
-26753.143024,16166,1193.808704
-21273.616764,16166,1199.814856
-17125.8174,16166,1205.781183
-18595.444958,16166,1211.707584
-12082.381175,16166,1217.626132
-12419.864963,16166,1223.634863
-8807.39881,16166,1229.588478
-10788.937865,16166,1235.520173
-8426.384398,16166,1241.502902
-9012.970983,16166,1247.448946
-8032.627658,16166,1253.378077
-8082.868572,16166,1259.395394
-8323.518053,16166,1265.389362
-7948.862479,16166,1271.383324
-7487.12874,16166,1277.434286
-7183.20029,16166,1283.451923
-7028.176984,16166,1289.448739
-6167.739148,16166,1295.462852
-7315.558088,16166,1301.504441
-5059.915367,16166,1307.61793
-5935.35369,16166,1313.641335
-4649.020816,16166,1319.682928
-5984.786666,16166,1325.906785
-4964.080333,16166,1331.952579
-5517.96089,16166,1338.047259
-5294.769517,16166,1344.164276
-6068.263015,16166,1350.217403
-5649.825184,16166,1356.267481
-3545.918671,16166,1362.368438
-4833.621222,16166,1368.413687
-4638.085081,16166,1374.474102
-4009.144581,16166,1380.568447
-4361.608754,16166,1386.651131
-3649.218279,16166,1392.775164
-5236.805547,16166,1398.879135
-4371.713899,16166,1404.991819
-5634.940601,16166,1411.154038
-4271.790925,16166,1417.386781
-5296.015248,16166,1423.71087
-5158.508623,16166,1429.932791
-5719.007048,16166,1436.204498
-5694.970397,16166,1442.346815
-4766.629095,16166,1448.505666
-5922.821004,16166,1454.715919
-6851.18584,16166,1461.003767
-5189.699423,16166,1467.260111
-5848.966911,16166,1473.655316
-4591.715957,16166,1479.869617
-4893.316495,16166,1486.117892
-5318.29297,16166,1492.47254
-6638.630272,16166,1498.683822
-4978.862203,16166,1504.890369
-5566.821215,16166,1511.124689
-5004.550461,16166,1517.519669
-5110.982372,16166,1523.833807
-4842.086533,16166,1530.083873
-5198.552719,16166,1536.402024
-4901.859982,16166,1542.744017
-4375.127033,16166,1549.105264
-4500.758442,16166,1555.637268
-4232.417836,16166,1562.012687
-3073.246626,16166,1568.575039
-3417.223716,16166,1575.10765
-3814.470627,16166,1581.654787
-3080.783796,16166,1588.213937
-2740.385086,16166,1594.64183
-3528.69361,16166,1600.925329
-2942.893617,16166,1607.190809
-3013.259255,16166,1613.461598
-2616.676336,16166,1620.03748
-3660.260702,16166,1626.603657
-3457.873947,16166,1633.054316
-3118.433562,16166,1639.530657
-2942.014672,16166,1645.900812
-3442.495449,16166,1652.295944
-3105.549478,16166,1658.719416
-2671.084136,16166,1665.111546
-3057.238803,16166,1671.483697
-3043.836576,16166,1677.845866
-3582.102068,16166,1684.253071
-2716.30825,16166,1690.643227
-2416.705459,16166,1697.029022
-2760.063643,16166,1703.422022
-2949.871991,16166,1709.825758
-2893.573832,16166,1716.219819
-3365.673081,16166,1722.673856
-2573.354659,16166,1729.024523
-3720.183628,16166,1735.408449
-3012.382344,16166,1741.793255
-5074.997271,16166,1748.201589
-4341.205093,16166,1754.750727
-4252.303581,16166,1761.212217
-3944.505578,16166,1767.621881
-3416.115596,16166,1774.096049
-2962.792336,16166,1780.586362
-3656.168662,16166,1786.98318
-3150.15981,16166,1793.360862
-3799.646774,16166,1799.739006
-3669.294673,16166,1806.269527
-3778.86645,16166,1812.840797
-4808.60413,16166,1819.401778
-4373.521293,16166,1826.044028
-3683.425444,16166,1832.421558
-4935.020439,16166,1838.810405
-4022.455246,16166,1845.201469
-3975.85608,16166,1851.571831
-2564.862946,16166,1857.938785
-2985.240145,16166,1864.34965
-2579.080803,16166,1870.943617
-3502.983529,16166,1877.53137
-4357.278931,16166,1884.015937
-5571.376776,16166,1890.708346
-2449.945827,16166,1897.158066
-3076.065532,16166,1903.624445
-2445.988863,16166,1910.086524
-2459.582563,16166,1916.501979
-4986.098184,16166,1922.98597
-2634.360369,16166,1929.438593
-2815.879966,16166,1936.014956
-2214.337671,16166,1942.500588
-3382.231272,16166,1948.961491
-3602.568354,16166,1955.400784
-2023.934053,16166,1961.925468
-4161.82309,16166,1968.373611
-2762.208847,16166,1974.72408
-2857.605573,16166,1981.239563
-2811.502558,16166,1987.685585
-2277.958183,16166,1994.049161
-2971.223863,16166,2000.437346
-2954.582972,16166,2006.829152
-3261.852452,16166,2013.346662
-2834.632726,16166,2019.731213
-2637.869773,16166,2026.210551
-1949.194724,16166,2032.618491
-2674.625774,16166,2039.034658
-2231.172035,16166,2045.475402
-2395.769248,16166,2051.943012
-4768.046611,16166,2058.326232
-3238.139429,16166,2064.673184
-2474.819805,16166,2071.046494
-2601.7706,16166,2077.433726
-4373.922021,16166,2083.856117
-2915.834261,16166,2090.243222
-2316.427073,16166,2096.649623
-3229.988455,16166,2103.075086
-2893.795938,16166,2109.440162
-4401.883689,16166,2115.867718
-4597.397475,16166,2122.315657
-2012.160653,16166,2128.713798
-2849.236762,16166,2135.08793
-2623.084974,16166,2141.455999
-3594.051283,16166,2147.864778
-2709.355484,16166,2154.308638
-2652.396649,16166,2160.69516
-2695.181414,16166,2167.148355
-2715.112683,16166,2173.631119
-1881.854216,16166,2180.138543
-2008.816862,16166,2186.502836
-2685.96388,16166,2192.936543
-1828.569276,16166,2199.326583
-1774.149543,16166,2205.762511
-2478.780182,16166,2212.261103
-3736.779102,16166,2218.695146
-3916.767425,16166,2225.23058
-3191.290657,16166,2231.594098
-2670.961039,16166,2237.965816
-4269.369595,16166,2244.326933
-4482.231088,16166,2250.759997
-3024.549163,16166,2257.254681
-3563.769806,16166,2263.690351
-2920.634367,16166,2270.089808
-4514.56358,16166,2276.45789
-2690.052206,16166,2282.92083
-2042.718138,16166,2289.29574
-4267.985891,16166,2295.689038
-3674.649878,16166,2302.122863
-3573.334435,16166,2308.534293
-3134.798083,16166,2314.948359
-3050.258368,16166,2321.388372
-2812.972636,16166,2328.028179
-3729.044053,16166,2334.433839
-2434.976572,16166,2340.913836
-2971.202148,16166,2347.308669
-2231.615209,16166,2353.685244
-2846.701256,16166,2360.081244
-3025.134039,16166,2366.580523
-4466.945194,16166,2373.011817
-3808.991054,16166,2379.400387
-3472.910075,16166,2385.856371
-1867.226683,16166,2392.260805
-3149.613963,16166,2398.700032
-5158.707273,16166,2405.258025
-2293.112711,16166,2411.813521
-2973.84462,16166,2418.33422
-2779.26047,16166,2424.809985
-1968.274865,16166,2431.227934
-3373.652885,16166,2437.592987
-2511.142083,16166,2443.93339
-2339.979548,16166,2450.246492
-3127.941019,16166,2456.620852
-3018.341445,16166,2462.994803
-2460.907742,16166,2469.416219
-1840.480636,16166,2475.967015
-2396.621161,16166,2482.388976
-3025.502088,16166,2488.792268
-2149.179745,16166,2495.222032
-2990.923455,16166,2501.629897
-2131.765766,16166,2508.129594
-3202.141724,16166,2514.537678
-2936.194428,16166,2521.039556
-1967.575913,16166,2527.408564
-2404.839822,16166,2533.774589
-3085.233086,16166,2540.155087
-2814.711752,16166,2546.563472
-2063.457397,16166,2553.00092
-1889.282053,16166,2559.466391
-2322.33779,16166,2565.864457
-3796.772826,16166,2572.267444
-2450.556969,16166,2578.718906
-3021.123495,16166,2585.11579
-3305.628748,16166,2591.501567
-2740.567339,16166,2598.000697
-2347.849956,16166,2604.463277
-2754.691649,16166,2610.906207
-2826.40417,16166,2617.278851
-5460.951504,16166,2623.668078
-2506.089802,16166,2630.066455
-2344.485448,16166,2636.424081
-2066.751973,16166,2642.782321
-4472.851719,16166,2649.135805
-3898.503308,16166,2655.577651
-2078.873104,16166,2661.921357
-2694.455651,16166,2668.243397
-2645.352362,16166,2674.597288
-3879.118242,16166,2680.978593
-3184.522992,16166,2687.340819
-1795.34316,16166,2693.730826
-1805.468665,16166,2700.151187
-2209.586305,16166,2706.528949
-3092.275275,16166,2712.976935
-2538.858112,16166,2719.488127
-2406.890587,16166,2725.886274
-1760.419139,16166,2732.322126
-2832.389789,16166,2738.833042
-1545.381061,16166,2745.277684
-3199.353573,16166,2751.857754
-2297.753792,16166,2758.336425
-3313.236766,16166,2764.744941
-2724.582428,16166,2771.112612
-2412.633202,16166,2777.493655
-2894.075263,16166,2783.91804
-2413.214591,16166,2790.312532
-2396.596504,16166,2796.737508
-3160.017662,16166,2803.105621
-3592.488895,16166,2809.563647
-2411.703572,16166,2815.940868
-2818.664549,16166,2822.42096
-2628.974488,16166,2828.840013
-4029.143118,16166,2835.279226
-3528.042642,16166,2841.64803
-4244.974132,16166,2848.063867
-3879.147236,16166,2854.497713
-3782.325227,16166,2860.906349
-3206.730491,16166,2867.383948
-3330.035389,16166,2873.732436
-1840.027685,16166,2880.111265
-2065.999387,16166,2886.512824
-3790.487103,16166,2893.004015
-1872.917469,16166,2899.406782
-2367.197479,16166,2905.863
-1984.620258,16166,2912.298539
-4292.640789,16166,2918.828921
-2135.421399,16166,2925.468818
-2290.242197,16166,2932.050137
-2022.171217,16166,2938.510476
-1964.476028,16166,2944.99368
-3348.638473,16166,2951.39357
-3227.911507,16166,2957.866727
-2018.268276,16166,2964.236031
-2001.02333,16166,2970.671467
-2103.222833,16166,2977.173379
-1656.759327,16166,2983.668501
-3001.045468,16166,2990.08325
-2595.13107,16166,2996.536747
-1808.340481,16166,3002.997943
-2469.180418,16166,3009.469328
-2393.10814,16166,3015.942353
-2130.649291,16166,3022.368812
-2347.749732,16166,3028.798858
-2668.953213,16166,3035.308225
-2735.993506,16166,3041.685706
-3448.008185,16166,3048.149498
-2393.095236,16166,3054.71607
-2905.847245,16166,3061.079532
-2436.576075,16166,3067.439827
-2839.747957,16166,3073.843592
-1673.048036,16166,3080.196922
-1873.090011,16166,3086.548261
-3041.085081,16166,3093.022484
-1952.495982,16166,3099.393302
-2792.500412,16166,3105.814722
-2213.258409,16166,3112.232945
-2557.560934,16166,3118.584432
-2763.21593,16166,3125.11942
-2483.368005,16166,3131.642326
-3065.911845,16166,3138.127278
-2046.238551,16166,3144.603647
-2841.085798,16166,3151.126278
-2141.221143,16166,3157.593499
-2683.651378,16166,3164.050073
-2356.319362,16166,3170.551178
-2106.068449,16166,3176.959285
-3201.230238,16166,3183.374826
-2174.061867,16166,3189.754519
-2484.850289,16166,3196.123356
-2676.100761,16166,3202.591938
-3088.310051,16166,3208.986462
-2420.507535,16166,3215.381992
-2445.774292,16166,3221.741229
-2233.941468,16166,3228.132371
-3031.6574,16166,3234.528888
-2396.108341,16166,3240.942142
-2616.03041,16166,3247.308962
-1811.785253,16166,3253.657631
-1881.913715,16166,3260.038245
-2867.503793,16166,3266.393366
-2489.521275,16166,3272.774328
-3996.641836,16166,3279.215966
-2050.625618,16166,3285.561857
-2618.126166,16166,3291.90021
-2852.813984,16166,3298.253772
-2925.544198,16166,3304.622998
-3468.156633,16166,3311.31144
-3337.387154,16166,3317.70505
-2645.462164,16166,3324.161723
-2319.856835,16166,3330.533216
-4421.544314,16166,3336.894887
-2250.346827,16166,3343.289701
-2191.5649,16166,3349.737506
-3475.228646,16166,3356.146392
-3825.106182,16166,3362.559123
-2043.540732,16166,3368.953921
-2767.095601,16166,3375.354236
-2811.75621,16166,3382.08607
-3231.940004,16166,3388.506105
-1856.324272,16166,3394.892745
-3495.9247,16166,3401.259793
-3899.797388,16166,3407.606967
-4111.061329,16166,3414.092283
-3414.804938,16166,3420.540004
-3450.9179,16166,3426.981507
-2556.312557,16166,3433.456217
-2179.382445,16166,3439.892745
-2595.515728,16166,3446.327221
-3698.154021,16166,3452.760795
-3819.289701,16166,3459.242911
-3591.255016,16166,3465.896862
-2684.967797,16166,3472.279422
-2558.1554,16166,3478.75974
-3951.241022,16166,3485.295133
-3399.046332,16166,3491.900892
-2834.825166,16166,3498.340563
-3511.0614,16166,3504.918313
-3214.065319,16166,3511.556014
-2479.331117,16166,3517.960193
-2393.725239,16166,3524.310318
-2178.242255,16166,3530.698089
-3277.771989,16166,3537.084545
-2921.96569,16166,3543.514562
-1990.818907,16166,3549.897676
-2605.656911,16166,3556.372922
-2715.805792,16166,3562.804409
-2257.518038,16166,3569.24795
-3237.124762,16166,3575.901837
-3090.963774,16166,3582.331
-2432.44024,16166,3588.975331
-2089.511362,16166,3595.507219
-2759.69023,16166,3601.908004
-2778.480674,16166,3608.433564
-2791.431251,16166,3614.850625
-3023.470463,16166,3621.298807
-2578.242655,16166,3627.69406
-3622.733541,16166,3634.133332
-2959.941337,16166,3640.5132
-2475.426129,16166,3647.023832
-2255.938217,16166,3653.476097
-3318.842623,16166,3659.880935
-2673.188206,16166,3666.279663
-2958.210457,16166,3672.99052
-3331.624472,16166,3679.398757
-2609.88534,16166,3685.862512
-3263.838307,16166,3692.378198
-3512.036132,16166,3698.785095
-3063.208891,16166,3705.528887
-2006.971847,16166,3711.98569
-2398.133069,16166,3718.448903
-3270.478207,16166,3724.958421
-2298.120793,16166,3731.35204
-2048.42296,16166,3737.77341
-2550.054179,16166,3744.228444
-3393.032722,16166,3750.715965
-1658.598137,16166,3757.113428
-2345.542067,16166,3763.533813
-2128.874037,16166,3769.973558
-3151.179258,16166,3776.32656
-3262.821951,16166,3782.72922
-2519.243471,16166,3789.137751
-3007.912425,16166,3795.581592
-2599.273624,16166,3802.037755
-2997.483327,16166,3808.537859
-3027.696467,16166,3814.952064
-2862.956522,16166,3821.490443
-3245.408792,16166,3827.978988
-3891.577177,16166,3834.454747
-3820.25653,16166,3840.92682
-3624.429475,16166,3847.443824
-3372.981952,16166,3853.891487
-3460.452598,16166,3860.30483
-3784.864706,16166,3866.779879
-4003.339911,16166,3873.198205
-4699.125812,16166,3879.638218
-3785.750735,16166,3886.103595
-3140.487778,16166,3892.632867
-4373.552952,16166,3898.983528
-2146.410805,16166,3905.400781
-3896.757791,16166,3911.789117
-3615.048989,16166,3918.417159
-3128.734296,16166,3924.936343
-3185.629251,16166,3931.343586
-2581.221714,16166,3937.69298
-3705.057199,16166,3944.046454
-3445.468886,16166,3950.416255
-2708.789072,16166,3956.826914
-3708.911487,16166,3963.248584
-2725.105365,16166,3969.649487
-4087.317963,16166,3976.103399
-4265.519389,16166,3982.553188
-3003.595879,16166,3988.940638
-3639.46602,16166,3995.325394
-3486.341524,16166,4001.714322
-3610.628844,16166,4008.087797
-3800.574797,16166,4014.550269
-2736.504908,16166,4020.957284
-3079.67488,16166,4027.343936
-3531.835572,16166,4033.811463
-3639.920784,16166,4040.275364
-2608.495549,16166,4046.930986
-4069.579324,16166,4053.550214
-2732.881309,16166,4060.046116
-4183.454926,16166,4066.542089
-2891.382931,16166,4073.028805
-3720.936802,16166,4079.398141
-4206.413988,16166,4085.827217
-2858.224591,16166,4092.281408
-3212.414668,16166,4098.671976
-3079.38907,16166,4105.164035
-3911.119332,16166,4111.567973
-3020.889191,16166,4117.958425
-3715.772493,16166,4124.596988
-3043.788012,16166,4131.006034
-3421.879288,16166,4137.484771
-2841.485346,16166,4143.912618
-3359.874082,16166,4150.364364
-4118.672153,16166,4156.857652
-2887.022208,16166,4163.379024
-3188.6741,16166,4169.816994
-3129.514656,16166,4176.247086
-3459.860991,16166,4182.671124
-3171.119187,16166,4189.443872
-4144.959009,16166,4195.816969
-3823.323079,16166,4202.182408
-2710.140689,16166,4208.695965
-3332.707411,16166,4215.074965
-3876.453249,16166,4221.499761
-2633.824798,16166,4227.92052
-3745.753686,16166,4234.329666
-2955.061006,16166,4240.793228
-4610.360555,16166,4247.147276
-5338.501889,16166,4253.499537
-2677.267656,16166,4259.852833
-3916.047337,16166,4266.341081
-4370.717889,16166,4272.830776
-3742.3075,16166,4279.465303
-4255.218539,16166,4286.099548
-3256.497728,16166,4292.706918
-2594.308916,16166,4299.183028
-2817.214513,16166,4305.749897
-2519.605749,16166,4312.127958
-3366.055055,16166,4318.484413
-3291.101589,16166,4324.869124
-3056.092864,16166,4331.245869
-2848.904806,16166,4337.602295
-2659.847255,16166,4343.946307
-3409.5059,16166,4350.347583
-3042.095383,16166,4356.713442
-2742.637296,16166,4363.130655
-2389.203696,16166,4369.514687
-2503.065947,16166,4375.88991
-2220.307944,16166,4382.270019
-3119.933579,16166,4388.651234
-2605.748943,16166,4395.100767
-2724.190224,16166,4401.487488
-2427.550203,16166,4407.828215
-3170.562382,16166,4414.19107
-2956.720513,16166,4420.590557
-2397.736235,16166,4426.977641
-2471.631205,16166,4433.322178
-3128.396081,16166,4439.737195
-2739.417043,16166,4446.162687
-2939.244857,16166,4452.520761
-2387.687763,16166,4458.863264
-3323.81976,16166,4465.225096
-3453.374143,16166,4471.678234
-2751.714181,16166,4478.114333
-2164.033575,16166,4484.522694
-2356.37106,16166,4491.010657
-3207.264439,16166,4497.405288
-2915.59352,16166,4503.895086
-2776.21892,16166,4510.411922
-2706.545356,16166,4516.825045
-3052.310616,16166,4523.261428
-2644.583973,16166,4529.646709
-3129.736211,16166,4536.06821
-1938.620663,16166,4542.508385
-2518.375718,16166,4548.989665
-3477.982349,16166,4555.435771
-2438.491095,16166,4561.808519
-3159.331027,16166,4568.220845
-2435.087207,16166,4574.769646
-3513.289569,16166,4581.157149
-3802.542288,16166,4587.58561
-1701.420214,16166,4594.101647
-2170.341117,16166,4600.618338
-2168.732534,16166,4607.111201
-2507.805498,16166,4613.662527
-2765.609503,16166,4620.04751
-2393.612772,16166,4626.63287
-2647.434935,16166,4633.078734
-2672.656522,16166,4639.440653
-3524.414393,16166,4645.805102
-2661.897003,16166,4652.274746
-3715.438261,16166,4658.653211
-2440.811645,16166,4665.07595
-3276.771937,16166,4671.455306
-2965.777463,16166,4677.843427
-3119.960789,16166,4684.366177
-3718.734512,16166,4690.875116
-2907.829937,16166,4697.212939
-4154.951759,16166,4703.595427
-4262.8745,16166,4710.03797
-2752.560259,16166,4716.599852
-3157.763928,16166,4722.944482
-2178.21388,16166,4729.28276
-2516.722602,16166,4735.62202
-2153.113892,16166,4741.965598
-2837.039032,16166,4748.327858
-2115.669441,16166,4754.754837
-2853.405371,16166,4761.123741
-3717.186442,16166,4767.494781
-3392.352504,16166,4773.902455
-2491.056111,16166,4780.309255
-3071.898901,16166,4786.82175
-3280.969909,16166,4793.323518
-3089.517653,16166,4799.749598
-3027.662506,16166,4806.232314
-2332.490009,16166,4812.594076
-3538.379845,16166,4818.981252
-3869.783312,16166,4825.403632
-4260.553853,16166,4831.804376
-2906.614686,16166,4838.446209
-2946.120916,16166,4844.873548
-2716.761542,16166,4851.241155
-2527.298343,16166,4857.620979
-3234.899726,16166,4864.061236
-2995.667933,16166,4870.528542
-3075.901859,16166,4876.966608
-2257.34224,16166,4883.42043
-1963.998532,16166,4889.844493
-2259.59152,16166,4896.327138
-2451.20669,16166,4902.887511
-2039.867931,16166,4909.477225
-2579.154632,16166,4915.976398
-2357.007076,16166,4922.437248
-2403.82937,16166,4928.934186
-2947.797254,16166,4935.327006
-3110.920698,16166,4941.973849
-1663.449983,16166,4948.408853
-2613.644959,16166,4954.890274
-2929.844961,16166,4961.411613
-3052.927145,16166,4967.816649
-3144.009389,16166,4974.235763
-2529.849379,16166,4980.608607
-3003.720647,16166,4986.94851
-1999.498234,16166,4993.290529
-2553.012712,16166,4999.647327
-1872.430527,16166,5006.001021
-2420.302792,16166,5012.362191
-3498.797391,16166,5018.783792
-2818.416775,16166,5025.246127
-1711.933604,16166,5031.682965
-2373.013149,16166,5038.125546
-2687.57686,16166,5044.530505
-2914.449314,16166,5050.90908
-3214.850989,16166,5057.280467
-3186.541517,16166,5063.654204
-2411.14281,16166,5070.034672
-2602.621763,16166,5076.406039
-2290.668686,16166,5082.83511
-2556.380474,16166,5089.200685
-3172.155063,16166,5095.539643
-2218.57361,16166,5101.89743
-2304.240671,16166,5108.277036
-2200.446558,16166,5114.636219
-2324.733297,16166,5121.009648
-1930.391125,16166,5127.374094
-1688.363928,16166,5133.735308
-2299.750425,16166,5140.095149
-1916.992317,16166,5146.545033
-2026.750196,16166,5153.025994
-3115.588249,16166,5159.498103
-2359.865915,16166,5166.095726
-2291.719634,16166,5172.731936
-2300.706966,16166,5179.161531
-3547.648634,16166,5185.54565
-3325.232034,16166,5191.984998
-2677.271089,16166,5198.45385
-2138.465832,16166,5205.072299
-3026.869228,16166,5211.595444
-2612.097788,16166,5217.959762
-2462.472203,16166,5224.323385
-2138.036065,16166,5230.983563
-3450.79703,16166,5237.550928
-3766.430107,16166,5244.208935
-3347.024953,16166,5250.861106
-3438.802042,16166,5257.517459
-2762.356913,16166,5264.103791
-3000.359799,16166,5270.542229
-3371.327037,16166,5276.926036
-3428.820953,16166,5283.324256
-3487.509328,16166,5289.901163
-3343.602435,16166,5296.538778
-3151.264926,16166,5303.018903
-2603.053183,16166,5309.452871
-3114.430204,16166,5315.891992
-5146.666592,16166,5322.374993
-2823.472086,16166,5328.752173
-3231.476131,16166,5335.166239
-4619.172891,16166,5341.615272
-4823.519176,16166,5348.181734
-5457.787065,16166,5354.65229
-4656.670898,16166,5361.042308
-4426.861172,16166,5367.489951
-4467.864921,16166,5373.968286
-5129.593036,16166,5380.497159
-3094.410644,16166,5386.981149
-2830.838484,16166,5393.401164
-2504.215699,16166,5399.85736
-3023.783339,16166,5406.237025
-3124.215314,16166,5412.624002
-2397.544662,16166,5418.983794
-4014.20343,16166,5425.56315
-4249.887699,16166,5432.202263
-3032.123649,16166,5438.651122
-2815.739782,16166,5445.053529
-3412.236322,16166,5451.486608
-3148.154511,16166,5458.051899
-3974.105472,16166,5464.42853
-2732.941128,16166,5470.804637
-2697.456053,16166,5477.205735
-2263.486522,16166,5483.592284
-2498.152973,16166,5489.964369
-2404.23555,16166,5496.413231
-2824.916797,16166,5502.81454
-2600.710151,16166,5509.130437
-2616.097066,16166,5515.492221
-2936.334628,16166,5521.90469
-2602.769698,16166,5528.412076
-2148.453983,16166,5534.827673
-2713.056286,16166,5541.235891
-2909.830976,16166,5547.583371
-2748.911859,16166,5554.112506
-3006.601129,16166,5560.539989
-1675.644241,16166,5567.001369
-2338.933444,16166,5573.633415
-2703.772901,16166,5580.050578
-2566.019372,16166,5586.475013
-3020.537266,16166,5592.852539
-2709.469078,16166,5599.218372
-2608.380553,16166,5605.583126
-2278.639088,16166,5611.968608
-2294.618713,16166,5618.327779
-2596.752039,16166,5624.71386
-2284.516152,16166,5631.111387
-3156.650813,16166,5637.505317
-1956.149942,16166,5643.888619
-3214.739551,16166,5650.282019
-2284.857361,16166,5656.71239
-2194.851784,16166,5663.073468
-2071.772211,16166,5669.401422
-3120.360333,16166,5675.760338
-1982.822483,16166,5682.175402
-2887.398701,16166,5688.583311
-2471.806225,16166,5694.956821
-2748.357647,16166,5701.331936
-2279.460731,16166,5707.784611
-3651.578533,16166,5714.41119
-2664.963705,16166,5721.036224
-7566.959184,16166,5727.640107
-3828.017416,16166,5734.250787
-3676.862253,16166,5740.83596
-2630.797265,16166,5747.433346
-2154.530137,16166,5754.007891
-2546.173796,16166,5760.59075
-2957.630585,16166,5766.868769
-1835.89557,16166,5773.282511
-3922.560986,16166,5779.54286
-2954.963197,16166,5785.819607
-2864.490074,16166,5792.092539
-1846.631773,16166,5798.334456
-1860.563146,16166,5804.64165
-1658.418225,16166,5811.067028
-3173.922073,16166,5817.478542
-2316.858549,16166,5823.895257
-2279.310006,16166,5830.178225
-1802.634435,16166,5836.439388
-2178.015216,16166,5842.684036
-1776.414431,16166,5848.948246
-2924.166267,16166,5855.168845
-2533.227131,16166,5861.597815
-1603.832694,16166,5867.932982
-2104.176649,16166,5874.189429
-3217.517179,16166,5880.454789
-2493.757056,16166,5886.813854
-2139.983944,16166,5893.123773
-3040.895113,16166,5899.400141
-3160.70559,16166,5905.637792
-2487.341927,16166,5911.905339
-1735.710895,16166,5918.224829
-2657.510552,16166,5924.44553
-3016.187573,16166,5930.680248
-3211.482171,16166,5936.98822
-2680.384897,16166,5943.317746
-2667.19047,16166,5949.558825
-3794.964633,16166,5955.759578
-3080.758148,16166,5961.976959
-1911.804105,16166,5968.189022
-3100.595968,16166,5974.377139
-1903.441006,16166,5980.663366
-3105.340245,16166,5987.016119
-3171.523477,16166,5993.369218
-2820.628093,16166,5999.657849
-2973.461375,16166,6005.971545
-2787.793379,16166,6012.263101
-5123.242376,16166,6018.530945
-5045.768217,16166,6024.78927
-3876.149124,16166,6031.01948
-8617.746283,16166,6037.229467
-5473.105175,16166,6043.431493
-4331.834778,16166,6049.627022
-3829.598279,16166,6055.863646
-2645.907377,16166,6062.050948
-2219.177767,16166,6068.277968
-2119.656529,16166,6074.48397
-2702.87515,16166,6080.65593
-2091.388534,16166,6087.059042
-3534.844182,16166,6093.265267
-2340.503351,16166,6099.456522
-3152.199788,16166,6105.637063
-3882.956549,16166,6111.825339
-3757.64595,16166,6118.017632
-2342.916781,16166,6124.460699
-3439.63861,16166,6130.722237
-4017.142015,16166,6136.911077
-3225.892561,16166,6143.095431
-2705.000498,16166,6149.29266
-2940.601774,16166,6155.481257
-2968.531313,16166,6161.814321
-2254.572974,16166,6168.063757
-2685.071611,16166,6174.318588
-2505.836638,16166,6180.56519
-3524.286003,16166,6186.785917
-3030.859885,16166,6193.014193
-2878.103847,16166,6199.233544
-2381.583589,16166,6205.489152
-2785.420504,16166,6211.947221
-3108.104206,16166,6218.325586
-2998.410963,16166,6224.606767
-2026.449234,16166,6231.005536
-2587.956885,16166,6237.192454
-2329.438925,16166,6243.396155
-2483.364265,16166,6249.567102
-2354.268025,16166,6255.748762
-1581.272475,16166,6261.923404
-2685.387112,16166,6268.078435
-2231.743577,16166,6274.236978
-2783.370983,16166,6280.397665
-2754.493765,16166,6286.550372
-2943.070343,16166,6292.703462
-2945.52219,16166,6298.878937
-2833.484722,16166,6305.026584
-2315.580845,16166,6311.193998
-2185.978532,16166,6317.405341
-2263.658449,16166,6323.583839
-2096.026232,16166,6329.966532
-3506.194167,16166,6336.12982
-2816.18117,16166,6342.296755
-2800.06938,16166,6348.45964
-2731.621745,16166,6354.61741
-2354.051934,16166,6360.771225
-2212.237935,16166,6366.951339
-2024.835919,16166,6373.128593
-2305.269514,16166,6379.288055
-29971.230802,16166,6385.444578
-2024.56053,16166,6391.609549
-3058.653117,16166,6397.764622
-1706.079189,16166,6403.965223
-5765.071382,16166,6410.162476
-3048.601522,16166,6416.342282
-2842.77471,16166,6422.530464
-2420.206562,16166,6428.709215
-2488.492593,16166,6434.876709
-1784.227018,16166,6441.073998
-3134.460158,16166,6447.331723
-2503.924631,16166,6453.704797
-2815.467808,16166,6459.95511
-2687.603956,16166,6466.20644
-3611.578586,16166,6472.500637
-2558.437779,16166,6478.769816
-2337.539996,16166,6485.070679
-2040.763777,16166,6491.390215
-2466.820221,16166,6497.686289
-1740.2791,16166,6503.873593
-2458.430483,16166,6510.104273
-2601.376583,16166,6516.288747
-2856.005292,16166,6522.486438
-2923.138868,16166,6528.70859
-2561.569903,16166,6534.922816
-2458.400864,16166,6541.109794
-3107.632045,16166,6547.300965
-2969.356593,16166,6553.526573
-3923.834999,16166,6559.756398
-6434.436133,16166,6565.969414
-3665.145659,16166,6572.164682
-3047.504484,16166,6578.323536
-3968.027398,16166,6584.502046
-3400.875858,16166,6590.717422
-3785.97344,16166,6596.876431
-3645.710039,16166,6603.058413
-3056.346003,16166,6609.224061
-3289.742898,16166,6615.416968
-4564.577188,16166,6621.594813
-3647.819945,16166,6627.760632
-3059.166972,16166,6633.930692
-3298.28746,16166,6640.066961
-3061.796981,16166,6646.260926
-3997.555015,16166,6652.491075
-3568.362566,16166,6658.791534
-3322.554866,16166,6664.957912
-2838.554827,16166,6671.207562
-2844.303396,16166,6677.378525
-3121.799171,16166,6683.525743
-2041.472212,16166,6689.756187
-2543.910541,16166,6696.188695
-2535.876239,16166,6702.47212
-2666.106713,16166,6708.667693
-2420.625913,16166,6714.815899
-2449.004067,16166,6720.966133
-2655.071392,16166,6727.294712
-2808.227613,16166,6733.734637
-2291.123998,16166,6740.023937
-2116.539476,16166,6746.195047
-2484.73433,16166,6752.353709
-2419.948963,16166,6758.548862
-2222.983706,16166,6764.706926
-1888.256949,16166,6770.905545
-1368.090613,16166,6777.173483
-1842.634122,16166,6783.442131
-2512.381581,16166,6789.63452
-1340.642076,16166,6795.826619
-2134.72211,16166,6801.976169
-1771.549268,16166,6808.196215
-2027.274709,16166,6814.363148
-1860.361379,16166,6820.534815
-2576.49874,16166,6826.725188
-2004.57871,16166,6832.90771
-1548.392732,16166,6839.142021
-2244.411619,16166,6845.385448
-2808.568079,16166,6851.598641
-2224.629924,16166,6857.793145
-1855.634342,16166,6864.002614
-2863.350193,16166,6870.20654
-1291.131182,16166,6876.644056
-2732.648418,16166,6883.07177
-1492.672253,16166,6889.500364
-2233.672714,16166,6895.926727
-2490.906072,16166,6902.353314
-2337.594789,16166,6908.787088
-2928.964418,16166,6915.228719
-2663.85571,16166,6921.658904
-1779.877994,16166,6928.042702
-2457.794926,16166,6934.470535
-1839.660684,16166,6940.902894
-2262.910659,16166,6947.338101
-3032.88256,16166,6953.768939
-2545.47671,16166,6960.206392
-3106.910837,16166,6966.605623
-1832.740983,16166,6973.031702
-2383.329711,16166,6979.447997
-1971.997993,16166,6985.787851
-2218.071813,16166,6991.956037
-2199.071339,16166,6998.127499
-2972.295865,16166,7004.309362
-1625.777764,16166,7010.479709
-2146.279089,16166,7016.701956
-1651.493967,16166,7022.863015
-1863.996928,16166,7029.026989
-2079.67445,16166,7035.282463
-2315.218172,16166,7041.457121
-3073.249312,16166,7047.725423
-2626.988936,16166,7054.018576
-1806.183352,16166,7060.17067
-2508.654182,16166,7066.433119
-1936.538931,16166,7072.59149
-2637.605867,16166,7078.776882
-2479.871631,16166,7084.97495
-1806.17533,16166,7091.141127
-2497.847011,16166,7097.310791
-2365.452384,16166,7103.463325
-1473.957506,16166,7109.588308
-2196.9377,16166,7115.843056
-2657.655771,16166,7122.350266
-2727.298078,16166,7128.62007
-2447.494522,16166,7135.056115
-2328.399614,16166,7141.340182
-3016.138869,16166,7147.485297
-2696.885284,16166,7153.625151
-3245.533417,16166,7159.775993
-3133.901057,16166,7165.963532
-2252.73952,16166,7172.104943
-2537.556375,16166,7178.252021
-2610.322258,16166,7184.399453
-2975.659342,16166,7190.569443
-2705.502548,16166,7196.704707
-3695.787118,16166,7202.853526
-3074.150785,16166,7209.006658
-3189.191064,16166,7215.158864
-1922.884502,16166,7221.335539
-3149.132024,16166,7227.486411
-2972.861629,16166,7233.605834
-2588.057431,16166,7239.762725
-1873.704802,16166,7245.927154
-1549.983117,16166,7252.196828
-3016.175954,16166,7258.39653
-2271.138539,16166,7264.604105
-1676.614208,16166,7270.968978
-3101.898199,16166,7277.274702
-2654.9554,16166,7283.530091
-3830.132329,16166,7289.813938
-3133.365517,16166,7296.082151
-2882.425005,16166,7302.292131
-3467.280489,16166,7308.501237
-2255.759057,16166,7314.675898
-2598.894091,16166,7320.911018
-2644.55611,16166,7327.137083
-1794.769914,16166,7333.350067
-2432.348946,16166,7339.601997
-2416.718737,16166,7345.949176
-2181.258514,16166,7352.175619
-2846.505362,16166,7358.350866
-2004.003316,16166,7364.593042
-1571.007806,16166,7370.898257
-1830.328856,16166,7377.146963
-1988.220182,16166,7383.352819
-2495.015234,16166,7389.560704
-2151.175111,16166,7395.737065
-3527.519127,16166,7401.898987
-3355.100238,16166,7408.030971
-2884.024697,16166,7414.204904
-3557.184777,16166,7420.342018
-3273.711855,16166,7426.603766
-2326.904595,16166,7432.755245
-2761.456966,16166,7438.933672
-2382.709008,16166,7445.096482
-2719.801319,16166,7451.27109
-3036.189037,16166,7457.419286
-1825.217429,16166,7463.600324
-2304.915554,16166,7469.772541
-3328.935777,16166,7475.971379
-2223.344921,16166,7482.206034
-2398.608646,16166,7488.372456
-2152.678823,16166,7494.593794
-3164.499148,16166,7500.809888
-2396.255987,16166,7506.971008
-2041.012216,16166,7513.176932
-2411.645898,16166,7519.386315
-2479.048713,16166,7525.569597
-2265.024425,16166,7531.734685
-2412.390325,16166,7537.953295
-1820.122312,16166,7544.147078
-2946.370335,16166,7550.311922
-3465.603663,16166,7556.523106
-2783.415174,16166,7562.689566
-2670.045012,16166,7568.86613
-2226.938962,16166,7575.056036
-2949.410031,16166,7581.295296
-3192.959145,16166,7587.552517
-3287.440813,16166,7593.795414
-3345.980061,16166,7600.077882
-2801.273169,16166,7606.402354
-2728.214109,16166,7612.676701
-2322.202484,16166,7618.911617
-1556.468443,16166,7625.160303
-2497.229526,16166,7631.41546
-2726.258194,16166,7637.610648
-1406.419663,16166,7643.82474
-1929.249932,16166,7650.062093
-1393.403622,16166,7656.262747
-2232.226966,16166,7662.479933
-1956.582766,16166,7668.697753
-1835.654095,16166,7674.938479
-2133.789483,16166,7681.13575
-2083.548338,16166,7687.311115
-2768.065119,16166,7693.572184
-3039.199695,16166,7699.951921
-2771.723213,16166,7706.168924
-2323.922359,16166,7712.302584
-2037.269771,16166,7718.45613
-1603.113153,16166,7724.66442
-1502.203247,16166,7730.902789
-2352.275821,16166,7737.104739
-2113.182852,16166,7743.322699
-2094.02755,16166,7749.618894
-1906.178222,16166,7756.045791
-2086.149511,16166,7762.307287
-2276.457604,16166,7768.478144
-1864.845233,16166,7774.681203
-1514.656024,16166,7780.872764
-1314.644361,16166,7787.047865
-2017.074459,16166,7793.310837
-1716.867718,16166,7799.50597
-1679.855917,16166,7805.700129
-2050.37634,16166,7811.882916
-2224.997896,16166,7818.052474
-3801.632308,16166,7824.207191
-2591.885493,16166,7830.431696
-1525.424079,16166,7836.589087
-2350.419185,16166,7842.749993
-1563.248852,16166,7848.940074
-2008.775468,16166,7855.158977
-1721.099826,16166,7861.426293
-3283.63973,16166,7867.664314
-2055.361396,16166,7873.947427
-1680.450193,16166,7880.121146
-1201.744931,16166,7886.408382
-2243.678579,16166,7892.55809
-1661.217093,16166,7898.765155
-2648.99521,16166,7904.959463
-2773.499803,16166,7911.174619
-1817.626045,16166,7917.374247
-3015.617339,16166,7923.682937
-3309.027644,16166,7929.913798
-1605.525174,16166,7936.201492
-2405.790422,16166,7942.463521
-1330.292624,16166,7948.6775
-2030.666746,16166,7954.900055
-3026.425037,16166,7961.151941
-1779.097803,16166,7967.382265
-3600.911745,16166,7973.571932
-2722.40171,16166,7979.738894
-2346.171516,16166,7985.915578
-2681.430982,16166,7992.16062
-2557.830118,16166,7998.32991
-2653.782509,16166,8004.502925
-2196.173068,16166,8010.706531
-3012.562643,16166,8016.934674
-2884.512298,16166,8023.132982
-2104.189334,16166,8029.295459
-2399.479025,16166,8035.487477
-2809.38484,16166,8041.732808
-1683.851636,16166,8047.994249
-2746.088433,16166,8054.140058
-1922.564691,16166,8060.340122
-2220.47494,16166,8066.530685
-2260.364749,16166,8072.9755
-2043.506718,16166,8079.148465
-1640.728364,16166,8085.352106
-1641.989478,16166,8091.481205
-3394.45515,16166,8097.656624
-2408.094947,16166,8103.862909
-2110.925836,16166,8110.016667
-4218.042295,16166,8116.151487
-2422.273009,16166,8122.342068
-3404.267674,16166,8128.562276
-3873.427961,16166,8134.834907
-2033.67344,16166,8141.039374
-2636.712798,16166,8147.238322
-4198.105503,16166,8153.383794
-3113.218749,16166,8159.59506
-3698.745648,16166,8165.746407
-2631.278996,16166,8171.865908
-2734.25211,16166,8178.00395
-4184.871225,16166,8184.181649
-1945.447252,16166,8190.386557
-2384.351562,16166,8196.576108
-2786.291337,16166,8202.800141
-2387.790898,16166,8208.974443
-2670.179568,16166,8215.151129
-2563.725609,16166,8221.314433
-3689.020643,16166,8227.566794
-3402.610648,16166,8233.821762
-3065.171384,16166,8240.056035
-3988.573155,16166,8246.340056
-2289.086313,16166,8252.557208
-1707.955399,16166,8258.815183
-2636.803635,16166,8265.0374
-1922.146022,16166,8271.182249
-3067.744045,16166,8277.304953
-2523.995604,16166,8283.475552
-1524.263122,16166,8289.634854
-1757.658182,16166,8295.902943
-2564.978496,16166,8302.054288
-1834.958568,16166,8308.190325
-2717.61979,16166,8314.415159
-2124.179864,16166,8320.581219
-2372.150032,16166,8326.728621
-2499.561483,16166,8332.89106
-1765.355593,16166,8339.025541
-3418.205509,16166,8345.146053
-1283.335324,16166,8351.270492
-2184.832946,16166,8357.41436
-2024.230495,16166,8363.559522
-2047.669637,16166,8369.893171
-2756.99092,16166,8376.140188
-2956.408718,16166,8382.377394
-1921.312451,16166,8388.461887
-2040.014644,16166,8394.747485
-1939.775844,16166,8400.842053
-3809.444935,16166,8406.950356
-4457.345508,16166,8413.079221
-1888.267881,16166,8419.256816
-1850.895533,16166,8425.491583
-1693.259686,16166,8431.728026
-2376.457835,16166,8437.803011
-2100.202564,16166,8443.912792
-1833.845771,16166,8449.976361
-3268.779398,16166,8456.098228
-2311.031952,16166,8462.211232
-1977.110402,16166,8468.330124
-2651.366423,16166,8474.431221
-2535.575747,16166,8480.558681
-2226.027182,16166,8486.659457
-1874.473815,16166,8492.809567
-1324.195943,16166,8498.878657
-2479.244588,16166,8504.971704
-3015.3689,16166,8511.022464
-1735.932867,16166,8517.097117
-2618.438008,16166,8523.185243
-2708.520605,16166,8529.305099
-2638.367188,16166,8535.437353
-1891.088034,16166,8541.573084
-2203.32788,16166,8547.675754
-2295.549142,16166,8553.779334
-3616.894788,16166,8559.876118
-2448.155908,16166,8566.016264
-2132.866638,16166,8572.095942
-2705.109454,16166,8578.186277
-4175.620029,16166,8584.513302
-3260.594716,16166,8590.641706
-3099.061149,16166,8596.75127
-2831.231991,16166,8602.837112
-2079.008315,16166,8608.985189
-2580.221999,16166,8615.127447
-2150.867099,16166,8621.291524
-2213.525074,16166,8627.491135
-2215.331033,16166,8633.63082
-1927.469323,16166,8639.765069
-2520.394628,16166,8645.856572
-3288.63967,16166,8651.959455
-2500.806465,16166,8658.130627
-1793.278437,16166,8664.288652
-2748.064482,16166,8670.459188
-2209.873435,16166,8676.605294
-4267.944448,16166,8682.761196
-2103.460042,16166,8688.985917
-3361.997731,16166,8695.100099
-2347.181256,16166,8701.238118
-3040.55887,16166,8707.420708
-2515.881826,16166,8713.572974
-2421.799871,16166,8719.723084
-2085.713385,16166,8725.977568
-1502.797936,16166,8732.121935
-2198.739342,16166,8738.25599
-2580.666958,16166,8744.457901
-1630.228326,16166,8750.667095
-2478.238207,16166,8756.793118
-2695.698933,16166,8762.933589
-2468.184157,16166,8769.10502
-2219.045123,16166,8775.246664
-2308.252872,16166,8781.36639
-1889.931492,16166,8787.533571
-2914.55986,16166,8793.787548
-5071.346069,16166,8799.932402
-2632.008085,16166,8806.114138
-2259.05161,16166,8812.327647
-2513.884913,16166,8818.447815
-3068.634235,16166,8824.588241
-2375.383755,16166,8830.744569
-1728.52134,16166,8836.994665
-2987.506976,16166,8843.263614
-2461.705526,16166,8849.543816
-2328.468233,16166,8855.769572
-2671.241396,16166,8861.918962
-1913.148822,16166,8868.050565
-2982.152076,16166,8874.232377
-2300.036064,16166,8880.400317
-3302.914066,16166,8886.543312
-3800.86738,16166,8892.65509
-2322.237312,16166,8898.900179
-1980.633255,16166,8905.128923
-2175.845235,16166,8911.418475
-1767.092166,16166,8917.565346
-2363.799076,16166,8923.739461
-2596.006267,16166,8929.908969
-1980.063437,16166,8936.103974
-2544.319762,16166,8942.257218
-2727.890969,16166,8948.428283
-2506.264615,16166,8954.626318
-3048.824564,16166,8960.78371
-4351.507934,16166,8967.011228
-3429.306287,16166,8973.241959
-2389.409539,16166,8979.396193
-3438.426662,16166,8985.564463
-3831.399136,16166,8991.734869
-2846.000203,16166,8997.92433
-3531.852188,16166,9004.123079
-2689.262488,16166,9010.302321
-3002.776795,16166,9016.512862
-3931.151828,16166,9022.768806
-4468.529959,16166,9029.078125
-3038.621372,16166,9035.316924
-3480.835216,16166,9041.561771
-3729.918835,16166,9047.812576
-2902.329097,16166,9054.029224
-2418.104777,16166,9060.201869
-2711.556772,16166,9066.327118
-2925.414694,16166,9072.458921
-3297.010855,16166,9078.569073
-4733.242273,16166,9084.703246
-2444.942225,16166,9090.818744
-3003.462914,16166,9097.087084
-3759.242238,16166,9103.56124
-2160.594736,16166,9109.96885
-3687.571333,16166,9116.457133
-2671.83428,16166,9122.878945
-2708.271532,16166,9129.589237
-3874.608683,16166,9135.946234
-3272.247383,16166,9142.222361
-2400.669425,16166,9148.484705
-3122.862432,16166,9154.761482
-2219.635761,16166,9161.036949
-3005.378468,16166,9167.387987
-2721.604894,16166,9173.762509
-2370.497209,16166,9180.214301
-2593.006403,16166,9186.549681
-3132.553668,16166,9192.864796
-3223.567692,16166,9199.2662
-3852.606416,16166,9205.639518
-3739.525763,16166,9212.062296
-3512.801912,16166,9218.374522
-3032.109815,16166,9224.692666
-3117.378337,16166,9231.090503
-3784.359049,16166,9237.487844
-4476.821638,16166,9243.827002
-3105.761631,16166,9250.157545
-4334.391972,16166,9256.457206
-2918.989219,16166,9262.841132
-6426.783216,16166,9269.074058
-2846.522449,16166,9275.409798
-2220.834877,16166,9281.79616
-4019.329525,16166,9288.16276
-2931.618909,16166,9294.519664
-2137.148379,16166,9300.80604
-2339.954422,16166,9307.105541
-3399.960573,16166,9313.346728
-3124.970893,16166,9319.650083
-4128.364942,16166,9325.943161
-4667.590616,16166,9332.218854
-3063.312012,16166,9338.499667
-2358.926491,16166,9344.774069
-3830.30271,16166,9351.065505
-2792.033299,16166,9357.472861
-2114.74072,16166,9363.930737
-2714.392149,16166,9370.235807
-2904.901289,16166,9376.517221
-3505.226246,16166,9382.845587
-2356.826478,16166,9389.114607
-2581.475352,16166,9395.546129
-2239.216683,16166,9401.881949
-2222.406798,16166,9408.193085
-2382.629431,16166,9414.532151
-2647.902526,16166,9420.911785
-2442.877611,16166,9427.461507
-4632.010212,16166,9433.803269
-3156.710093,16166,9440.199296
-2084.411243,16166,9446.545458
-3050.427458,16166,9452.99322
-2973.233614,16166,9459.303738
-3828.201606,16166,9465.57891
-2081.13248,16166,9471.839844
-2954.224698,16166,9478.09897
-2712.180291,16166,9484.31623
-3145.151381,16166,9490.525964
-4120.458943,16166,9496.733639
-2145.802766,16166,9502.968776
-2780.582193,16166,9509.166188
-2347.473562,16166,9515.405985
-1943.079859,16166,9521.658836
-3204.670634,16166,9527.93289
-3665.140189,16166,9534.258529
-2812.181839,16166,9540.522382
-2155.451208,16166,9546.845439
-2831.632806,16166,9553.135806
-3004.173031,16166,9559.375052
-2156.22146,16166,9565.565498
-1799.382505,16166,9571.760659
-2632.661438,16166,9577.955997
-3011.041448,16166,9584.121086
-2212.156354,16166,9590.345178
-2881.120103,16166,9596.702579
-2580.214071,16166,9602.978654
-2714.603103,16166,9609.268291
-2443.703107,16166,9615.506566
-2041.647948,16166,9621.838004
-2195.755208,16166,9628.347112
-2280.205181,16166,9634.655442
-2724.131921,16166,9640.942018
-2897.702949,16166,9647.220798
-2093.750042,16166,9653.489193
-3105.790848,16166,9659.777925
-2953.332631,16166,9666.07059
-3278.482443,16166,9672.396771
-2143.993774,16166,9678.671886
-2274.805719,16166,9684.904256
-2825.060503,16166,9691.190559
-1971.119394,16166,9697.416176
-1719.083356,16166,9703.650555
-1982.453293,16166,9709.881447
-2188.522224,16166,9716.141332
-1697.058629,16166,9722.574252
-3471.479939,16166,9728.825979
-3075.168931,16166,9735.085046
-2642.56038,16166,9741.424339
-2669.693943,16166,9747.64456
-3394.472124,16166,9753.885086
-3645.940076,16166,9760.152016
-2498.659825,16166,9766.469475
-2429.46423,16166,9772.814455
-2784.365077,16166,9779.123446
-2158.78342,16166,9785.34772
-3005.530672,16166,9791.573701
-2302.711255,16166,9797.792279
-3246.666729,16166,9804.061021
-2711.466669,16166,9810.32553
-3074.326471,16166,9816.630413
-3812.531652,16166,9822.870421
-3449.211556,16166,9829.106854
-3167.838667,16166,9835.388809
-3454.270864,16166,9841.653671
-3488.967907,16166,9847.888928
-3155.775473,16166,9854.171124
-2627.645995,16166,9860.717274
-2617.685638,16166,9867.081637
-2534.83134,16166,9873.39369
-2949.562352,16166,9879.779372
-2290.004304,16166,9886.014807
-2533.873641,16166,9892.274948
-1495.285229,16166,9898.610854
-2169.117355,16166,9904.874222
-2328.063863,16166,9911.165691
-3753.352295,16166,9917.411839
-3007.732355,16166,9923.63037
-2890.73728,16166,9929.895102
-2802.148243,16166,9936.152284
-2496.236843,16166,9942.411926
-1795.484218,16166,9948.642838
-2900.922738,16166,9954.942881
-2238.584591,16166,9961.312057
-2627.82769,16166,9967.774021
-1830.766938,16166,9973.978043
-2182.195535,16166,9980.227271
-2230.818257,16166,9986.468889
-2844.465845,16166,9992.772034
-2156.221837,16166,9999.085634
-4396.551597,16166,10005.379739
-2891.020847,16166,10011.658854
-2317.136977,16166,10017.957113
-2458.908618,16166,10024.237593
-1923.987131,16166,10030.503014
-2508.651434,16166,10036.778036
-2928.571375,16166,10043.030039
-2535.756119,16166,10049.395394
-3241.660245,16166,10055.645183
-3362.540656,16166,10061.96032
-3646.806155,16166,10068.190445
-2793.416018,16166,10074.489096
-3246.293462,16166,10080.787029
-2621.445728,16166,10087.085676
-3133.125649,16166,10093.597642
-2402.48333,16166,10100.082669
-2020.477544,16166,10106.543404
-2142.124327,16166,10112.96468
-2700.269397,16166,10119.348241
-3289.479989,16166,10125.666474
-4784.041897,16166,10131.974886
-2926.754059,16166,10138.236991
-2545.260701,16166,10144.677119
-3157.976788,16166,10150.980562
-3489.351867,16166,10157.292806
-2544.645951,16166,10163.620954
-2592.085735,16166,10169.881064
-1992.920795,16166,10176.156289
-2048.055053,16166,10182.46252
-2077.12961,16166,10188.773158
-2691.081113,16166,10195.034905
-1956.271502,16166,10201.348608
-2519.434118,16166,10207.66717
-1577.324789,16166,10213.888984
-2610.072348,16166,10220.150884
-2282.260771,16166,10226.347862
-3273.819449,16166,10232.599706
-2870.895123,16166,10238.859457
-1773.302113,16166,10245.158507
-2499.551488,16166,10251.459441
-2949.209238,16166,10257.799098
-2732.166213,16166,10264.137417
-3450.272071,16166,10270.456861
-2485.474548,16166,10276.694711
-3010.447739,16166,10282.921049
-2536.615105,16166,10289.161682
-2516.454522,16166,10295.390318
-3563.732116,16166,10301.569282
-5279.693729,16166,10307.783569
-2788.361142,16166,10314.056135
-3056.26118,16166,10320.340955
-2986.744428,16166,10326.585272
-3395.224592,16166,10332.844748
-3110.092576,16166,10339.098365
-3143.682813,16166,10345.385684
-2827.954847,16166,10351.803501
-2107.419243,16166,10358.061075
-2979.093248,16166,10364.303088
-2824.011112,16166,10370.5088
-2863.115706,16166,10376.757448
-2707.650028,16166,10383.014319
-2438.722253,16166,10389.25197
-2679.133124,16166,10395.550268
-3609.283749,16166,10401.849457
-1667.540467,16166,10408.149951
-2950.170877,16166,10414.43173
-2892.794959,16166,10420.713797
-2917.323532,16166,10427.028075
-3134.745347,16166,10433.291556
-2356.943509,16166,10439.5602
-2347.814911,16166,10445.860233
-2377.358027,16166,10452.106905
-3356.682231,16166,10458.362252
-3472.665077,16166,10464.577098
-1993.164666,16166,10470.83249
-2268.336017,16166,10477.075999
-2749.573008,16166,10483.318163
-3285.145233,16166,10489.60543
-3812.244193,16166,10495.882348
-2755.628935,16166,10502.073161
-2567.673103,16166,10508.304647
-3815.884984,16166,10514.510259
-4171.995272,16166,10520.723538
-4002.803906,16166,10526.935676
-2899.816909,16166,10533.234527
-3107.718392,16166,10539.708802
-2593.341077,16166,10546.096232
-3315.691684,16166,10552.336006
-1737.558434,16166,10558.598649
-4266.897046,16166,10564.889324
-2713.3149,16166,10571.220545
-2939.10905,16166,10577.493527
-2703.437399,16166,10583.693189
-2022.921417,16166,10589.86667
-2482.959039,16166,10596.067278
-2597.258672,16166,10602.295732
-2386.961501,16166,10608.552274
-2738.058866,16166,10614.83024
-2982.248936,16166,10621.066429
-1861.932239,16166,10627.362143
-2676.779472,16166,10633.6417
-2186.541276,16166,10639.878955
-3241.645829,16166,10646.188016
-2418.477148,16166,10652.468494
-2267.964896,16166,10658.773887
-2422.784687,16166,10665.024304
-2601.50699,16166,10671.30052
-2204.031862,16166,10677.611108
-2324.670819,16166,10683.907822
-2119.282884,16166,10690.124301
-2535.997761,16166,10696.375482
-3223.568246,16166,10702.588415
-2255.456979,16166,10708.816509
-1742.067105,16166,10715.025746
-2214.889214,16166,10721.324741
-2101.789023,16166,10727.819092
-1872.475902,16166,10734.310696
-2764.491948,16166,10740.800207
-2362.331755,16166,10747.222937
-1783.599183,16166,10753.556646
-2183.941546,16166,10759.863228
-2575.384057,16166,10766.175185
-3196.002963,16166,10772.518431
-2606.843714,16166,10778.837069
-2210.25938,16166,10785.016077
-3003.892617,16166,10791.255651
-2202.218961,16166,10797.533199
-2082.989072,16166,10803.82776
-2746.926592,16166,10810.105218
-2294.121046,16166,10816.445376
-2603.165042,16166,10822.874877
-2277.062423,16166,10829.210388
-2343.838761,16166,10835.531274
-2359.671382,16166,10841.926593
-2007.239326,16166,10848.268447
-2141.389742,16166,10854.600863
-1794.453408,16166,10860.842087
-1728.821918,16166,10867.102593
-1734.085108,16166,10873.329409
-2033.537619,16166,10879.740609
-2270.094018,16166,10886.056243
-2594.781097,16166,10892.297706
-1639.366938,16166,10898.601485
-2417.055955,16166,10905.00209
-2153.003064,16166,10911.308093
-2200.167504,16166,10917.577045
-2349.834967,16166,10923.800925
-2623.169179,16166,10930.014333
-3309.455725,16166,10936.257631
-2698.559483,16166,10942.513242
-2227.495025,16166,10948.726562
-1987.304302,16166,10954.912989
-3338.095174,16166,10961.134235
-2312.635862,16166,10967.384339
-2633.18587,16166,10973.600856
-2229.537962,16166,10979.831629
-1954.064162,16166,10986.087754
-2782.338822,16166,10992.357832
-2520.024298,16166,10998.724532
-2399.54827,16166,11005.091453
-2592.937904,16166,11011.389427
-2951.826252,16166,11017.66585
-3163.67184,16166,11023.910968
-1513.422261,16166,11030.182257
-2740.811087,16166,11036.539383
-2670.016579,16166,11042.724525
-2567.717562,16166,11048.913018
-2277.376833,16166,11055.102855
-3541.493583,16166,11061.303128
-2448.361501,16166,11067.519649
-2996.516606,16166,11073.907809
-1961.273527,16166,11080.319742
-3427.159164,16166,11086.748995
-3259.075331,16166,11093.040054
-2388.899292,16166,11099.301197
-3968.280032,16166,11105.564851
-1889.371774,16166,11111.840247
-4128.863416,16166,11118.22229
-2834.932882,16166,11124.433576
-2414.369767,16166,11130.75173
-3550.699537,16166,11137.060708
-2845.234976,16166,11143.296844
-2482.470499,16166,11149.512633
-2221.226083,16166,11155.762897
-3760.476476,16166,11162.23485
-3932.070388,16166,11168.515627
-3064.312976,16166,11174.955357
-4295.142429,16166,11181.398108
-3228.701175,16166,11187.731169
-2161.456674,16166,11193.971391
-1941.567579,16166,11200.188897
-2297.871943,16166,11206.492279
-1907.170074,16166,11212.862712
-2589.594609,16166,11219.187633
-2419.842708,16166,11225.47136
-2969.130715,16166,11231.705417
-3120.872922,16166,11237.949821
-3190.519499,16166,11244.167079
-2258.773431,16166,11250.397484
-3376.042336,16166,11256.726588
-2251.582319,16166,11262.9765
-2841.116355,16166,11269.262614
-2555.428014,16166,11275.531318
-2489.24167,16166,11281.825914
-2135.07073,16166,11288.057475
-3619.056368,16166,11294.271797
-2626.411847,16166,11300.57184
-1582.883335,16166,11306.830119
-2166.308104,16166,11313.095554
-2585.91515,16166,11319.323211
-1856.377193,16166,11325.577202
-2405.096426,16166,11331.790425
-2249.775112,16166,11338.015102
-1944.157302,16166,11344.251592
-3055.448878,16166,11350.46519
-1953.881833,16166,11356.691149
-2290.600214,16166,11362.898506
-3055.706151,16166,11369.136585
-2206.569615,16166,11375.348501
-2502.312241,16166,11381.597636
-1849.737822,16166,11387.82178
-2185.830736,16166,11394.061807
-3135.797536,16166,11400.283462
-2323.999476,16166,11406.521825
-2142.768003,16166,11412.783555
-2285.868604,16166,11419.063169
-2129.74105,16166,11425.299403
-2463.678466,16166,11431.597516
-1726.240186,16166,11437.946649
-1804.635639,16166,11444.185495
-2623.838176,16166,11450.495561
-2330.729064,16166,11456.775827
-2175.57299,16166,11463.009935
-1555.107921,16166,11469.322246
-1662.719537,16166,11475.714195
-2322.134876,16166,11482.008013
-1927.02817,16166,11488.201671
-3355.982171,16166,11494.415457
-1898.8599,16166,11500.710012
-1959.953625,16166,11507.062865
-2470.206285,16166,11513.324704
-2365.574057,16166,11519.565775
-2373.488152,16166,11525.845886
-1621.724811,16166,11532.112426
-1865.896688,16166,11538.358435
-2347.135017,16166,11544.655249
-2397.933655,16166,11550.917104
-3373.365505,16166,11557.183573
-2087.577484,16166,11563.548124
-2427.193546,16166,11569.816627
-2651.236657,16166,11576.027886
-1679.009192,16166,11582.252926
-1596.176098,16166,11588.479924
-2434.882893,16166,11594.687955
-2445.280258,16166,11600.931936
-2154.561979,16166,11607.159526
-2135.786964,16166,11613.365188
-2308.629082,16166,11619.584035
-3160.982247,16166,11625.819149
-3744.181851,16166,11632.117199
-1587.582731,16166,11638.424552
-1593.602778,16166,11644.726895
-2261.616043,16166,11651.001639
-3166.829268,16166,11657.314377
-2400.667492,16166,11663.651834
-1467.599963,16166,11670.049218
-1848.395746,16166,11676.380239
-2103.970676,16166,11682.789905
-1760.431011,16166,11689.027307
-1988.265412,16166,11695.278815
-1582.397145,16166,11701.473767
-2586.058609,16166,11707.7935
-3098.362659,16166,11714.033492
-2265.024385,16166,11720.249134
-1858.541349,16166,11726.438106
-2804.243372,16166,11732.627035
-3226.842399,16166,11738.821507
-2703.770875,16166,11745.047472
-2465.753337,16166,11751.265211
-2975.164657,16166,11757.485001
-1707.047211,16166,11763.68165
-2493.703731,16166,11770.089998
-3029.298691,16166,11776.34404
-3020.21057,16166,11782.581409
-2898.191344,16166,11788.896732
-3030.986886,16166,11795.203239
-4024.663711,16166,11801.528894
-4386.627834,16166,11807.782276
-4106.868511,16166,11813.983142
-2208.636122,16166,11820.20131
-3080.883972,16166,11826.410185
-2386.762888,16166,11832.625616
-2074.309641,16166,11838.88517
-2676.518773,16166,11845.096884
-2006.794462,16166,11851.365385
-3285.103105,16166,11857.613975
-2330.160144,16166,11863.950545
-1970.968441,16166,11870.322485
-2917.426376,16166,11876.80367
-1894.602004,16166,11883.236813
-1979.827465,16166,11889.600418
-2069.919936,16166,11895.899077
-2665.10789,16166,11902.281986
-1988.028345,16166,11908.638422
-2016.142344,16166,11915.137999
-3023.07765,16166,11921.543897
-2392.954847,16166,11928.032385
-2512.589181,16166,11934.510816
-2682.174788,16166,11940.829165
-1847.602809,16166,11947.135252
-2328.700442,16166,11953.37078
-2309.928621,16166,11959.563139
-2262.704083,16166,11965.761532
-2654.929906,16166,11972.017486
-1585.921816,16166,11978.301337
-2653.876656,16166,11984.521218
-2774.283937,16166,11990.808815
-2003.649652,16166,11997.046595
-2373.2517,16166,12003.391407
-1945.997772,16166,12009.635078
-2816.90121,16166,12015.958687
-2552.950656,16166,12022.249283
-2518.203176,16166,12028.65952
-3404.58533,16166,12035.194525
-2688.212005,16166,12041.733233
-2632.185702,16166,12048.170045
-2577.887318,16166,12054.474424
-1913.666586,16166,12060.681369
-3520.452665,16166,12066.909126
-2968.786129,16166,12073.176792
-2785.934949,16166,12079.446112
-2899.172712,16166,12085.686015
-2154.705377,16166,12091.998599
-2359.625222,16166,12098.40055
-2987.837688,16166,12104.726539
-3542.516519,16166,12110.982102
-3231.657546,16166,12117.218468
-2673.345864,16166,12123.553578
-3077.992192,16166,12130.030498
-3194.452572,16166,12136.291231
-1753.190867,16166,12142.73252
-2232.154817,16166,12149.09331
-2580.281069,16166,12155.385153
-2408.390945,16166,12161.63365
-2179.790529,16166,12167.880099
-2207.005403,16166,12174.171159
-2517.162453,16166,12180.435834
-2475.089783,16166,12186.648254
-2998.317454,16166,12192.901496
-2435.850075,16166,12199.192531
-1601.771021,16166,12205.510785
-2196.445891,16166,12211.924703
-2561.110609,16166,12218.415527
-3605.097859,16166,12224.911753
-2496.108641,16166,12231.403113
-2630.132928,16166,12237.827645
-1876.608288,16166,12244.025913
-3289.657547,16166,12250.422185
-1849.841897,16166,12256.612389
-3293.314951,16166,12262.848035
-2030.746619,16166,12269.127712
-2459.976339,16166,12275.429688
-2384.233676,16166,12281.752395
-2332.95026,16166,12288.028652
-2120.750141,16166,12294.507526
-2227.211583,16166,12300.996023
-2592.589472,16166,12307.410825
-1589.475553,16166,12313.906977
-2118.315357,16166,12320.342451
-2221.476675,16166,12326.672124
-2229.332889,16166,12332.908518
-2752.005437,16166,12339.267156
-1659.644938,16166,12345.574486
-2080.688265,16166,12351.851671
-2131.73786,16166,12358.194468
-2037.213864,16166,12364.452294
-1473.311339,16166,12370.757158
-1970.762845,16166,12377.022585
-2177.503046,16166,12383.243302
-2278.625018,16166,12389.46689
-2378.528066,16166,12395.686741
-2000.494076,16166,12401.926449
-2906.457189,16166,12408.186397
-2269.737789,16166,12414.473777
-2528.344068,16166,12420.749651
-2575.271985,16166,12427.083327
-2040.175451,16166,12433.340667
-2392.475643,16166,12439.600926
-2057.528998,16166,12445.901399
-2802.381122,16166,12452.179516
-2057.520019,16166,12458.408188
-2176.922751,16166,12464.698101
-3109.551223,16166,12471.127056
-2641.182657,16166,12477.43085
-2880.659389,16166,12483.824485
-2172.404389,16166,12490.155348
-2629.799521,16166,12496.451434
-2451.29669,16166,12502.727744
-3458.032572,16166,12508.964066
-3336.416532,16166,12515.200679
-2696.635536,16166,12521.468376
-3234.367362,16166,12527.746288
-2508.429675,16166,12534.024686
-2543.494923,16166,12540.292223
-3476.516574,16166,12546.60027
-4028.382914,16166,12552.854604
-3499.038947,16166,12559.108821
-4185.491637,16166,12565.358071
-2640.506261,16166,12571.645274
-1853.588667,16166,12577.943679
-2213.184638,16166,12584.201517
-2412.596627,16166,12590.447275
-3453.349348,16166,12596.696674
-3207.005534,16166,12602.95986
-2486.800704,16166,12609.240076
-3345.411471,16166,12615.470328
-3248.6748,16166,12621.752336
-2399.706759,16166,12628.008302
-2612.532614,16166,12634.42783
-3040.051544,16166,12640.810856
-3276.292237,16166,12647.079857
-2644.713177,16166,12653.357397
-2852.194682,16166,12659.624888
-3103.768621,16166,12665.920728
-2521.215715,16166,12672.284587
-2100.975014,16166,12678.536622
-3131.024477,16166,12684.739934
-4117.653579,16166,12691.007996
-2054.956731,16166,12697.304967
-2117.463867,16166,12703.683842
-2715.94084,16166,12709.953083
-2589.116583,16166,12716.359552
-2492.419686,16166,12722.628051
-2634.72741,16166,12728.871439
-3409.267379,16166,12735.09498
-3300.665122,16166,12741.436453
-3066.218728,16166,12747.739815
-2278.989706,16166,12754.016904
-3543.597749,16166,12760.245009
-4201.596783,16166,12766.503256
-2083.379784,16166,12772.747988
-2472.886866,16166,12779.083368
-2583.692023,16166,12785.390954
-2265.054624,16166,12791.751025
-1789.760134,16166,12798.083357
-2884.572234,16166,12804.409564
-3031.668871,16166,12810.603047
-2651.663595,16166,12816.881485
-2494.391348,16166,12823.122973
-2863.001776,16166,12829.373753
-2017.085965,16166,12835.657346
-2700.056994,16166,12842.150424
-2103.605235,16166,12848.456612
-2918.787572,16166,12854.69516
-2198.409745,16166,12860.957618
-1923.991433,16166,12867.336622
-2115.545123,16166,12873.75034
-2572.292555,16166,12879.986878
-2952.848947,16166,12886.264641
-1865.024552,16166,12892.576108
-2603.778861,16166,12898.82673
-2618.293845,16166,12905.222482
-2868.940767,16166,12911.700041
-2323.979166,16166,12918.048738
-2730.382012,16166,12924.371664
-1839.352322,16166,12930.637113
-1717.212201,16166,12936.943966
-3803.079189,16166,12943.209875
-1646.333951,16166,12949.407272
-2089.699026,16166,12955.708643
-2685.94051,16166,12962.11896
-1947.173641,16166,12968.375161
-2634.784174,16166,12974.628023
-2165.758249,16166,12980.905498
-3390.195343,16166,12987.329052
-2225.120284,16166,12993.684416
-2859.346055,16166,12999.999258
-2865.000157,16166,13006.367049
-3722.351282,16166,13012.646678
-3301.100127,16166,13018.938096
-3198.88608,16166,13025.241559
-2338.669963,16166,13031.551607
-2258.841503,16166,13037.796559
-3086.926779,16166,13044.054865
-2970.508978,16166,13050.322834
-3045.533649,16166,13056.542371
-2549.355513,16166,13062.740353
-2059.783802,16166,13069.095191
-2074.892125,16166,13075.358946
-1693.529013,16166,13081.580803
-2275.942143,16166,13087.816637
-2276.270599,16166,13094.156337
-2079.928593,16166,13100.447398
-2180.271185,16166,13106.856884
-2286.942644,16166,13113.305543
-2501.947468,16166,13119.636252
-2836.52313,16166,13125.929156
-1341.448943,16166,13132.291809
-2378.269309,16166,13138.545655
-1599.536569,16166,13144.826798
-1828.660361,16166,13151.086143
-1715.811728,16166,13157.326495
-2276.563902,16166,13163.577995
-1654.869368,16166,13169.775177
-2380.409567,16166,13176.032866
-2853.65441,16166,13182.275414
-2096.472673,16166,13188.565291
-1757.473561,16166,13194.833129
-1705.468318,16166,13201.120113
-2686.372496,16166,13207.380465
-2944.989458,16166,13213.601252
-1973.498309,16166,13219.875108
-1872.389748,16166,13226.167017
-2124.829384,16166,13232.489735
-2757.27626,16166,13238.804047
-1529.05601,16166,13245.094473
-2679.729364,16166,13251.260048
-2447.557183,16166,13257.481505
-1811.537657,16166,13263.771644
-2583.783484,16166,13270.057831
-2163.255582,16166,13276.292286
-2227.190096,16166,13282.54657
-2728.156889,16166,13288.779919
-3283.444625,16166,13295.001158
-2894.246778,16166,13301.237887
-2495.63045,16166,13307.514223
-2226.269688,16166,13313.795452
-2890.532396,16166,13319.986238
-3346.795712,16166,13326.198771
-3484.985151,16166,13332.439212
-4623.710452,16166,13338.904557
-2654.373641,16166,13345.318242
-3117.513089,16166,13351.564659
-2268.029044,16166,13357.790727
-2067.142692,16166,13364.002485
-2754.394713,16166,13370.244228
-2740.947987,16166,13376.483104
-2641.808966,16166,13382.704387
-1962.800698,16166,13388.976675
-3177.58926,16166,13395.311566
-2101.672979,16166,13401.580864
-1826.268824,16166,13407.881383
-3004.452755,16166,13414.148867
-5508.995471,16166,13420.406225
-1766.03006,16166,13426.737182
-2909.342386,16166,13433.03196
-2567.615353,16166,13439.30414
-2251.885467,16166,13445.620479
-3675.9797,16166,13451.94683
-2956.202764,16166,13458.231569
-2529.241147,16166,13464.458431
-2713.812841,16166,13470.666692
-1601.36739,16166,13476.870305
-2664.356855,16166,13483.080506
-2324.66632,16166,13489.306694
-2570.527671,16166,13495.607072
-3358.315982,16166,13502.06475
-2237.01015,16166,13508.566515
-4225.013572,16166,13515.040956
-4684.418102,16166,13521.459993
-2712.845601,16166,13527.745034
-2577.802064,16166,13533.990371
-2235.126087,16166,13540.22491
-2379.454026,16166,13546.447955
-2595.198287,16166,13552.789109
-3894.281526,16166,13559.086864
-2374.878283,16166,13565.429553
-3500.997909,16166,13571.75209
-2097.137426,16166,13578.00241
-2304.851747,16166,13584.205334
-2182.78666,16166,13590.44801
-2276.960332,16166,13596.679738
-2810.817125,16166,13602.879996
-1973.223462,16166,13609.182376
-2138.000675,16166,13615.486886
-2002.244704,16166,13621.823863
-2460.466,16166,13628.140174
-2176.309855,16166,13634.490401
-1867.223268,16166,13640.847187
-3189.908305,16166,13647.277861
-1421.982623,16166,13653.570365
-2273.781717,16166,13659.795571
-3789.26534,16166,13666.027925
-1917.594086,16166,13672.258265
-2134.645359,16166,13678.533591
-2846.643319,16166,13684.737375
-2157.105606,16166,13690.912361
-2564.760309,16166,13697.153838
-1816.657188,16166,13703.352337
-1947.239077,16166,13709.585064
-2521.816849,16166,13715.825973
-1960.758528,16166,13722.041573
-3034.696198,16166,13728.2752
-1897.720411,16166,13734.502475
-2216.90977,16166,13740.784807
-1986.5728,16166,13747.078497
-2249.437555,16166,13753.410199
-2630.368242,16166,13759.747354
-2641.664247,16166,13766.06812
-2843.883939,16166,13772.385288
-3077.064088,16166,13778.680388
-2440.976275,16166,13784.991306
-2623.925686,16166,13791.357096
-3389.442583,16166,13797.625839
-1987.690937,16166,13803.883964
-2056.955762,16166,13810.110997
-1932.258319,16166,13816.314613
-2425.023442,16166,13822.528471
-1882.020508,16166,13828.743862
-2747.642599,16166,13835.070906
-1996.545848,16166,13841.273019
-2338.673997,16166,13847.515714
-2357.395121,16166,13853.870413
-2085.76024,16166,13860.255219
-1797.95091,16166,13866.57399
-1879.995995,16166,13872.835703
-2858.34108,16166,13879.088926
-2732.434064,16166,13885.456827
-2286.520725,16166,13891.683455
-2464.421599,16166,13898.075658
-2329.857557,16166,13904.409926
-2513.658994,16166,13910.714695
-2617.262729,16166,13916.948667
-1891.040443,16166,13923.246274
-2376.185208,16166,13929.603382
-2838.712461,16166,13935.881928
-2413.085676,16166,13942.104898
-1932.220218,16166,13948.359127
-2694.572501,16166,13954.601394
-2746.466941,16166,13960.941572
-2459.148301,16166,13967.204486
-2523.677028,16166,13973.488123
-1810.299427,16166,13979.82922
-1952.555118,16166,13986.098692
-2636.062203,16166,13992.379005
-2236.499487,16166,13998.752597
-2263.365893,16166,14005.04784
-4134.643274,16166,14011.325634
-3199.121377,16166,14017.641067
-2526.860791,16166,14023.936655
-2433.963508,16166,14030.362589
-2102.925427,16166,14036.631392
-2225.468767,16166,14042.882877
-1812.628591,16166,14049.19837
-2264.366064,16166,14055.632874
-3015.296841,16166,14061.910934
-3381.602726,16166,14068.231353
-2979.530696,16166,14074.494318
-1995.89886,16166,14080.743031
-2969.684524,16166,14086.995756
-2498.754319,16166,14093.19078
-1918.930546,16166,14099.428041
-4838.144147,16166,14105.815149
-6030.952441,16166,14112.150182
-3744.064576,16166,14118.497504
-3211.638887,16166,14124.863239
-2623.236534,16166,14131.129324
-2493.787283,16166,14137.539044
-2279.99182,16166,14144.023284
-3043.815303,16166,14150.505543
-1549.804263,16166,14156.951362
-2066.109363,16166,14163.429258
-2929.22642,16166,14169.908238
-3395.142489,16166,14176.151214
-2787.865492,16166,14182.511507
-1990.928214,16166,14188.838115
-2472.698764,16166,14195.138353
-2115.33888,16166,14201.423192
-2470.70614,16166,14207.640618
-2371.812947,16166,14213.850814
-2519.177463,16166,14220.318507
-2843.851645,16166,14226.769766
-2655.405222,16166,14233.292481
-2096.528496,16166,14239.821768
-2077.385629,16166,14246.365112
-2661.98397,16166,14252.905353
-2349.051957,16166,14259.280128
-2782.866852,16166,14265.518146
-2548.545359,16166,14271.723461
-1772.458201,16166,14277.945979
-2397.81899,16166,14284.301637
-2683.457041,16166,14290.855759
-1770.904953,16166,14297.082787
-3007.692136,16166,14303.305012
-1663.227286,16166,14309.505403
-2337.545773,16166,14315.7619
-2409.975703,16166,14321.975843
-2865.134018,16166,14328.194259
-2462.838486,16166,14334.415951
-2099.444146,16166,14340.874524
-2356.77321,16166,14347.279128
-2014.568285,16166,14353.616839
-2983.217811,16166,14360.003019
-1789.105641,16166,14366.239133
-2701.866342,16166,14372.503972
-1937.550863,16166,14378.747783
-1966.209289,16166,14384.979663
-1653.192187,16166,14391.210864
-3174.109458,16166,14397.435688
-2501.274747,16166,14403.718314
-2447.050731,16166,14409.961674
-2403.736192,16166,14416.429848
-2620.603104,16166,14422.764738
-1643.346627,16166,14428.997525
-2762.004214,16166,14435.329222
-2205.546739,16166,14441.643912
-2432.570605,16166,14447.904673
-2339.166041,16166,14454.286373
-2191.795502,16166,14460.572928
-2499.775317,16166,14466.812418
-2267.556815,16166,14473.023987
-1746.271825,16166,14479.277053
-2742.75834,16166,14485.539555
-1920.567824,16166,14492.031931
-2049.733242,16166,14498.510545
-3237.521133,16166,14505.010846
-2409.444062,16166,14511.427484
-2280.172235,16166,14517.71216
-1743.718807,16166,14523.978471
-2041.601858,16166,14530.196114
-1916.941699,16166,14536.397491
-2328.396542,16166,14542.714051
-2027.030892,16166,14549.001047
-2340.371562,16166,14555.302676
-2191.826289,16166,14561.665623
-3335.614112,16166,14567.926819
-1845.384775,16166,14574.146201
-2381.370952,16166,14580.389906
-1953.262269,16166,14586.681248
-1776.797856,16166,14593.083573
-2159.326488,16166,14599.297679
-2021.301741,16166,14605.506423
-2338.613386,16166,14611.774505
-2055.987558,16166,14617.991717
-2491.114768,16166,14624.196207
-2505.179333,16166,14630.432607
-2493.503435,16166,14636.647167
-1843.238229,16166,14642.895766
-1783.393733,16166,14649.360605
-1967.64813,16166,14655.63075
-2498.59464,16166,14661.932398
-2435.125198,16166,14668.187845
-2352.152733,16166,14674.481309
-1969.510155,16166,14680.686299
-2804.612924,16166,14686.933161
-2346.656023,16166,14693.276801
-3702.772557,16166,14699.591006
-2291.326598,16166,14705.867734
-2348.097175,16166,14712.064883
-2263.74092,16166,14718.335669
-2059.285877,16166,14724.623062
-2007.926833,16166,14730.987348
-2270.854376,16166,14737.461442
-1662.209296,16166,14743.917922
-2343.005659,16166,14750.203085
-2199.740821,16166,14756.489825
-2985.92807,16166,14762.939884
-2293.842897,16166,14769.284395
-2956.40405,16166,14775.58283
-3179.408224,16166,14781.837064
-2135.477471,16166,14788.114999
-1797.736816,16166,14794.375438
-3081.892625,16166,14800.73902
-2032.818623,16166,14807.01382
-2345.736092,16166,14813.281275
-2253.33406,16166,14819.573833
-2291.853941,16166,14825.958736
-2713.280771,16166,14832.417233
-2914.247609,16166,14838.684435
-3947.087341,16166,14844.958269
-3883.409374,16166,14851.159073
-3300.935497,16166,14857.389367
-2581.654799,16166,14863.611325
-2494.150855,16166,14869.838305
-2133.95782,16166,14876.280114
-2703.979116,16166,14882.619112
-1543.724252,16166,14888.861031
-2663.225021,16166,14895.14078
-2539.727457,16166,14901.387434
-3121.874539,16166,14907.635356
-3136.322317,16166,14913.957974
-3774.170886,16166,14920.168751
-2728.840878,16166,14926.403411
-2246.344387,16166,14932.620658
-2130.920419,16166,14938.88502
-2076.274429,16166,14945.24525
-1788.108151,16166,14951.603722
-2569.554293,16166,14957.988356
-2182.086372,16166,14964.266258
-2408.132031,16166,14970.536806
-2922.118232,16166,14976.755566
-1148.414287,16166,14982.976132
-2861.11069,16166,14989.217319
-3338.173042,16166,14995.435778
-2823.087938,16166,15001.648196
-3115.642568,16166,15007.997565
-2305.879787,16166,15014.261127
-2621.077124,16166,15020.498731
-2146.00669,16166,15026.687178
-2749.151316,16166,15032.911504
-1551.183292,16166,15039.275156
-2152.879241,16166,15045.576357
-2021.766252,16166,15051.843002
-2974.632013,16166,15058.032424
-3362.927919,16166,15064.331233
-2020.921401,16166,15070.65014
-1620.539775,16166,15076.930052
-1793.33072,16166,15083.346252
-1772.40682,16166,15089.644018
-2764.003116,16166,15096.011217
-2591.182039,16166,15102.332065
-2397.620687,16166,15108.763325
-2077.907295,16166,15114.997128
-2062.363882,16166,15121.269805
-2968.267678,16166,15127.505134
-1446.194127,16166,15133.754139
-3196.71911,16166,15139.997174
-1463.282303,16166,15146.293024
-2103.491943,16166,15152.762326
-2213.723887,16166,15159.104326
-1674.716744,16166,15165.373623
-2687.002189,16166,15171.597207
-2895.924745,16166,15177.790061
-2142.38752,16166,15184.023086
-2465.108759,16166,15190.233853
-2265.326168,16166,15196.516335
-2047.060064,16166,15202.750491
-2313.77401,16166,15208.968139
-2118.491711,16166,15215.202569
-2907.750903,16166,15221.445477
-1763.819612,16166,15227.656967
-1993.600334,16166,15233.938503
-2382.817896,16166,15240.181516
-1881.710197,16166,15246.465417
-2769.834242,16166,15252.720451
-2083.821308,16166,15259.064111
-1607.001843,16166,15265.336424
-1458.697191,16166,15271.69592
-1870.028582,16166,15278.023162
-2493.823968,16166,15284.307221
-2351.808554,16166,15290.532068
-1362.254494,16166,15296.764163
-1727.231301,16166,15302.975796
-2358.893715,16166,15309.205939
-2308.242094,16166,15315.407684
-2407.213172,16166,15321.750685
-2425.529711,16166,15328.009979
-2253.901679,16166,15334.254642
-2068.053842,16166,15340.569903
-1692.751426,16166,15346.897168
-2531.114824,16166,15353.249979
-1694.990086,16166,15359.602406
-2038.218068,16166,15365.948395
-2567.099714,16166,15372.301394
-2758.028519,16166,15378.638023
-2415.943815,16166,15384.909413
-3040.7851,16166,15391.213192
-3409.095465,16166,15397.426473
-3581.376715,16166,15403.650192
-3684.163577,16166,15409.880133
-2684.097206,16166,15416.10893
-2911.615933,16166,15422.370823
-2221.752382,16166,15428.612239
-2426.354415,16166,15434.907914
-1714.078537,16166,15441.102116
-2282.988724,16166,15447.38599
-2280.712894,16166,15453.612569
-3211.179968,16166,15459.906868
-5128.689232,16166,15466.194472
-4092.114734,16166,15472.511903
-3771.910757,16166,15478.720538
-4198.397411,16166,15484.918231
-4244.503811,16166,15491.171781
-2945.933539,16166,15497.397374
-2735.951535,16166,15503.687688
-3909.866009,16166,15509.956868
-2859.10474,16166,15516.222893
-3537.896494,16166,15522.559935
-2301.599942,16166,15528.858862
-2707.54113,16166,15535.140323
-4032.962518,16166,15541.391335
-4801.014326,16166,15547.733357
-2041.173546,16166,15554.086112
-2187.304714,16166,15560.281984
-1701.441379,16166,15566.482258
-2690.437175,16166,15572.709386
-2096.673985,16166,15578.914311
-1940.625933,16166,15585.15217
-2082.797629,16166,15591.354254
-1627.783411,16166,15597.733079
-2094.457894,16166,15604.08911
-2094.908871,16166,15610.463476
-2010.766837,16166,15616.793946
-1637.096516,16166,15622.993997
-2160.847796,16166,15629.221084
-2732.906963,16166,15635.475169
-1929.387637,16166,15641.688742
-2096.753111,16166,15647.888696
-1857.652289,16166,15654.129169
-3551.757782,16166,15660.417086
-2089.970668,16166,15666.640096
-1543.173819,16166,15672.855874
-2173.036388,16166,15679.034863
-2359.925224,16166,15685.227756
-3643.589945,16166,15691.419244
-3494.469558,16166,15697.624223
-1812.36631,16166,15703.82487
-1856.028091,16166,15710.061752
-2186.529155,16166,15716.248664
-1677.36126,16166,15722.679394
-1908.462064,16166,15729.040904
-2713.186865,16166,15735.426899
-2065.519122,16166,15741.83637
-1994.310891,16166,15748.103718
-1729.834306,16166,15754.388088
-2905.128237,16166,15760.672417
-1818.056488,16166,15767.007361
-1762.452855,16166,15773.334861
-1790.01624,16166,15779.658158
-1296.616934,16166,15785.933029
-1916.536933,16166,15792.160049
-1890.977114,16166,15798.438082
-1983.885349,16166,15804.802997
-1768.795993,16166,15810.996623
-2076.770131,16166,15817.193002
-2095.714952,16166,15823.412309
-2062.239173,16166,15829.665511
-2287.405769,16166,15835.917353
-1405.442639,16166,15842.128114
-2180.346344,16166,15848.392493
-1446.560601,16166,15854.665811
-1531.703183,16166,15860.878909
-1433.286749,16166,15867.118229
-1998.525359,16166,15873.451149
-2246.436374,16166,15879.758311
-1867.849907,16166,15886.110487
-1975.593408,16166,15892.632072
-1510.499391,16166,15898.987999
-1824.029264,16166,15905.273936
-2441.58385,16166,15911.597153
-1599.053756,16166,15917.900311
-2066.943068,16166,15924.202399
-1622.049397,16166,15930.508189
-2298.210969,16166,15936.776606
-2672.882671,16166,15943.061828
-2159.049311,16166,15949.397339
-1825.390498,16166,15955.671721
-1809.045142,16166,15961.901101
-2088.439939,16166,15968.205691
-2433.590024,16166,15974.438475
-2701.036355,16166,15980.654709
-2027.52705,16166,15986.925163
-2690.43957,16166,15993.20597
-2001.295315,16166,15999.426451
-2767.797554,16166,16005.775192
-3363.88208,16166,16012.278662
-2184.857806,16166,16018.633855
-3004.708772,16166,16024.861039
-3409.897629,16166,16031.178536
-2020.926922,16166,16037.516454
-2039.631779,16166,16043.783718
-3008.792819,16166,16050.042579
-2656.795585,16166,16056.248534
-2120.772661,16166,16062.489259
-2013.292909,16166,16068.699292
-3281.304007,16166,16074.912125
-2668.228379,16166,16081.127017
-3162.180348,16166,16087.377083
-2277.47659,16166,16093.568385
-1836.760352,16166,16099.800942
-2926.95466,16166,16106.02014
-2237.711595,16166,16112.283196
-2209.315504,16166,16118.528544
-2968.533987,16166,16124.759109
-2332.308906,16166,16130.972634
-2794.86704,16166,16137.201527
-2227.27811,16166,16143.417099
-1546.856373,16166,16149.627746
-2504.516507,16166,16155.86432
-2971.96981,16166,16162.113812
-2276.188861,16166,16168.347486
-3403.674601,16166,16174.569135
-1831.821976,16166,16180.776108
-2118.703815,16166,16187.03195
-2237.943024,16166,16193.321954
-2150.030546,16166,16199.665248
-2356.189061,16166,16205.990896
-2355.847455,16166,16212.276912
-4209.609493,16166,16218.590241
-3480.30753,16166,16224.918496
-3092.706921,16166,16231.179642
-2569.622699,16166,16237.439984
-2022.281155,16166,16243.699124
-1734.129249,16166,16249.965613
-2247.42385,16166,16256.219371
-2170.479582,16166,16262.496381
-2321.777943,16166,16268.742347
-2064.408283,16166,16275.054197
-2011.554902,16166,16281.34176
-2235.680054,16166,16287.584565
-1858.078646,16166,16293.870647
-2853.004685,16166,16300.271535
-3279.519338,16166,16306.632053
-2250.607572,16166,16312.849071
-2523.366468,16166,16319.143726
-1819.383786,16166,16325.442577
-1956.473056,16166,16331.858017
-1786.319808,16166,16338.172414
-1770.24825,16166,16344.398123
-2274.90308,16166,16350.62745
-1796.043138,16166,16356.867393
-2474.701964,16166,16363.266123
-2509.464984,16166,16369.679667
-2292.283285,16166,16376.042502
-3434.221627,16166,16382.393074
-1662.479676,16166,16388.661209
-2113.20674,16166,16394.996953
-2213.863889,16166,16401.247795
-2028.751086,16166,16407.53862
-1845.061959,16166,16413.777416
-2760.355454,16166,16420.06526
-2020.354273,16166,16426.325074
-2102.091449,16166,16432.568801
-2167.468589,16166,16438.834356
-1004.967763,16166,16445.080007
-1782.580727,16166,16451.450843
-2115.981285,16166,16457.802914
-2801.280922,16166,16464.064161
-2202.168526,16166,16470.339546
-2289.230917,16166,16476.628418
-2254.279445,16166,16482.934683
-1979.546443,16166,16489.307018
-2258.84514,16166,16495.612226
-1923.740738,16166,16501.891214
-2281.472507,16166,16508.3097
-2200.192785,16166,16514.555857
-1935.575113,16166,16520.892343
-2150.788826,16166,16527.167076
-2338.02554,16166,16533.480511
-3298.424212,16166,16539.811642
-2438.029478,16166,16546.257114
-2371.646564,16166,16552.634712
-1777.583023,16166,16558.970722
-1985.471458,16166,16565.27816
-2635.900113,16166,16571.732978
-1864.430492,16166,16578.066842
-2485.29109,16166,16584.330875
-1760.354392,16166,16590.587399
-1414.951253,16166,16596.826631
-1744.292994,16166,16603.073025
-2021.315486,16166,16609.327199
-2023.118524,16166,16615.550803
-1724.652335,16166,16621.782168
-2207.84022,16166,16628.086278
-2377.537408,16166,16634.470251
-2503.463144,16166,16640.779545
-2056.40641,16166,16647.115408
-2010.017515,16166,16653.400989
-1897.119058,16166,16659.646848
-1818.026163,16166,16665.916237
-2925.079833,16166,16672.193586
-1950.394062,16166,16678.453243
-1950.198899,16166,16684.711599
-1851.857076,16166,16690.971923
-1975.207918,16166,16697.312184
-2002.4229,16166,16703.606475
-2696.85137,16166,16709.813981
-3138.144496,16166,16716.037448
-2210.058426,16166,16722.270257
-2405.801865,16166,16728.564217
-2069.306039,16166,16734.796504
-1730.719677,16166,16741.082163
-2912.591625,16166,16747.437474
-1704.53276,16166,16753.679227
-3160.369812,16166,16759.981827
-2156.608946,16166,16766.266901
-3120.509006,16166,16772.487944
-2394.325991,16166,16778.797889
-2825.376759,16166,16785.03613
-3047.378326,16166,16791.299195
-2461.223877,16166,16797.55954
-2078.127331,16166,16803.949187
-2245.659282,16166,16810.136646
-2135.684432,16166,16816.373894
-2173.143367,16166,16822.811064
-1882.663302,16166,16829.085079
-1844.849041,16166,16835.512064
-1996.700198,16166,16841.735584
-3258.835076,16166,16847.911031
-1512.593444,16166,16854.172169
-1641.228355,16166,16860.418661
-2028.183188,16166,16866.619199
-2878.603201,16166,16872.812282
-3079.388021,16166,16879.237857
-3668.312974,16166,16885.525349
-2086.50548,16166,16891.78397
-2813.073043,16166,16898.10428
-1678.880171,16166,16904.336815
-2526.821252,16166,16910.532117
-2256.412693,16166,16916.767945
-2145.851512,16166,16923.042999
-2620.080055,16166,16929.331701
-1994.968932,16166,16935.601403
-3816.457684,16166,16941.984384
-1750.968516,16166,16948.332156
-2866.188354,16166,16954.569369
-2819.369236,16166,16960.776209
-2372.967953,16166,16967.001229
-2141.548893,16166,16973.342
-2072.985821,16166,16979.658124
-2062.21105,16166,16985.925158
-2218.066487,16166,16992.245018
-2028.955889,16166,16998.553351
-1523.530788,16166,17004.963165
-2032.236296,16166,17011.192042
-1744.444768,16166,17017.53941
-2062.91139,16166,17024.017255
-1491.180259,16166,17030.493838
-1831.128533,16166,17036.814487
-2185.941703,16166,17043.297494
-1812.765947,16166,17049.682967
-2486.898546,16166,17056.171066
-1604.560266,16166,17062.432886
-1593.331011,16166,17068.723043
-1648.823091,16166,17075.044824
-2263.635575,16166,17081.322114
-2229.006562,16166,17087.534101
-2257.408933,16166,17093.717697
-1388.323113,16166,17099.952306
-1938.406878,16166,17106.412076
-3111.802035,16166,17112.805442
-2026.301471,16166,17119.055068
-2083.367782,16166,17125.418328
-1537.540161,16166,17131.716594
-2097.608954,16166,17138.145832
-2124.843088,16166,17144.544176
-1711.44438,16166,17150.794144
-1587.840969,16166,17157.061335
-2144.043987,16166,17163.321843
-3902.040211,16166,17169.647855
-3513.69056,16166,17175.915219
-2983.038195,16166,17182.231815
-2459.63816,16166,17188.524063
-2013.804401,16166,17194.809751
-3066.971307,16166,17201.069127
-3266.44014,16166,17207.364261
-2605.560974,16166,17213.80155
-3981.231365,16166,17220.178791
-2428.719862,16166,17226.522124
-1914.821585,16166,17232.927195
-2028.084378,16166,17239.206593
-2013.783108,16166,17245.48273
-1372.264071,16166,17251.736608
-2526.614965,16166,17258.007895
-1732.42711,16166,17264.464983
-1395.211138,16166,17270.718834
-2253.137379,16166,17276.958715
-1634.0397,16166,17283.190769
-2566.876258,16166,17289.389803
-2073.594714,16166,17295.640079
-2389.544463,16166,17301.853617
-2218.603278,16166,17308.078739
-2467.456048,16166,17314.31186
-2371.299417,16166,17320.536718
-2547.227001,16166,17326.783356
-3328.037427,16166,17333.057376
-2287.437324,16166,17339.311247
-2359.398251,16166,17345.597857
-2380.099452,16166,17351.884403
-3231.144365,16166,17358.118648
-2084.87166,16166,17364.500268
-3111.606824,16166,17370.966728
-1626.178037,16166,17377.410455
-2271.220894,16166,17383.842887
-1982.101318,16166,17390.308312
-2061.916969,16166,17396.594405
-3026.334769,16166,17402.928006
-3037.797463,16166,17409.243092
-2360.47503,16166,17415.490618
-2366.926292,16166,17421.782315
-1895.756287,16166,17428.006671
-2229.972971,16166,17434.23154
-1299.789926,16166,17440.427166
-1488.522775,16166,17446.720181
-1825.171209,16166,17452.946795
-1523.547503,16166,17459.172035
-1306.623142,16166,17465.363922
-1511.378169,16166,17471.598752
-1747.879541,16166,17477.855876
-3098.802835,16166,17484.155527
-2502.461734,16166,17490.425454
-3540.467302,16166,17496.650542
-2228.849887,16166,17502.918158
-2483.675065,16166,17509.199625
-1752.120207,16166,17515.427948
-3223.539018,16166,17521.658418
-2880.776031,16166,17527.914177
-2506.556768,16166,17534.195507
-2568.442323,16166,17540.613653
-1176.79582,16166,17547.114165
-2164.779842,16166,17553.502108
-1843.09488,16166,17559.809371
-1910.769123,16166,17566.210789
-1937.737777,16166,17572.534427
-2033.597729,16166,17578.798963
-2107.642791,16166,17585.04182
-2007.664085,16166,17591.307694
-2345.762437,16166,17597.662654
-2123.323165,16166,17603.988825
-1200.110903,16166,17610.335777
-2863.885609,16166,17616.537108
-1769.059488,16166,17622.890818
-1934.147806,16166,17629.166279
-1728.352326,16166,17635.470853
-1776.354604,16166,17641.775352
-1626.384688,16166,17648.154941
-3261.414273,16166,17654.472805
-3154.585006,16166,17660.731746
-2748.869463,16166,17666.963171
-2115.252411,16166,17673.219087
-2611.315009,16166,17679.406746
-1672.352449,16166,17685.666028
-2020.193876,16166,17691.918574
-2693.279354,16166,17698.171596
-2088.572382,16166,17704.406911
-1829.411773,16166,17710.680479
-1956.277399,16166,17716.910655
-2596.567525,16166,17723.16204
-3095.276788,16166,17729.473873
-2200.496312,16166,17735.790818
-2275.477628,16166,17742.039207
-2298.314352,16166,17748.311134
-2743.926875,16166,17754.568477
-2160.393496,16166,17760.911188
-2325.172149,16166,17767.282566
-3006.010598,16166,17773.64084
-4377.668134,16166,17779.934583
-2058.706698,16166,17786.241778
-2255.837447,16166,17792.499758
-2055.602394,16166,17798.743105
-2956.751759,16166,17805.046865
-2620.442546,16166,17811.376187
-2451.198699,16166,17817.67511
-2300.750855,16166,17823.923854
-1843.591671,16166,17830.199625
-2509.463181,16166,17836.524596
-3246.271212,16166,17842.85014
-2542.491153,16166,17849.143357
-1469.675447,16166,17855.376097
-2151.504855,16166,17861.757023
-2328.710122,16166,17868.092827
-1929.382819,16166,17874.4173
-2260.968543,16166,17880.73958
-2569.312931,16166,17887.065223
-1492.818696,16166,17893.393434
-1976.169412,16166,17899.612659
-2016.150954,16166,17906.052584
-1574.223411,16166,17912.424747
-2279.512507,16166,17918.639549
-2200.878491,16166,17924.909022
-1999.153537,16166,17931.152086
-2493.030643,16166,17937.507093
-1503.846751,16166,17943.787953
-2167.813687,16166,17950.063038
-1603.8436,16166,17956.291039
-2415.142138,16166,17962.508821
-1545.708369,16166,17968.736346
-2956.328483,16166,17974.968702
-1965.903133,16166,17981.205964
-1813.132188,16166,17987.688655
-1668.857638,16166,17994.021671
-1744.824596,16166,18000.268938
-1862.555079,16166,18006.526666
-1963.503803,16166,18012.969352
-2885.776253,16166,18019.333035
-2650.487862,16166,18025.622202
-1853.908258,16166,18031.87898
-1539.78679,16166,18038.14413
-1986.994576,16166,18044.525192
-2255.424005,16166,18051.013755
-2763.034668,16166,18057.463813
-2174.27688,16166,18063.672673
-2037.190254,16166,18069.903948
-3103.04365,16166,18076.12907
-1871.419313,16166,18082.346586
-2387.327489,16166,18088.600742
-1829.66038,16166,18094.91455
-2155.280957,16166,18101.185007
-1774.32744,16166,18107.402249
-2386.743859,16166,18113.662198
-1680.258154,16166,18119.922224
-2049.041393,16166,18126.228701
-1671.915398,16166,18132.58061
-2020.255148,16166,18138.940862
-2877.155585,16166,18145.287906
-1696.073935,16166,18151.510302
-2381.66256,16166,18157.699007
-2672.704445,16166,18163.935313
-2147.304528,16166,18170.143568
-3191.147581,16166,18176.375438
-2467.114236,16166,18182.581444
-2767.512844,16166,18188.789359
-2942.542307,16166,18195.017634
-3083.15434,16166,18201.291917
-2464.012989,16166,18207.540882
-2295.015577,16166,18213.728756
-5072.5402,16166,18219.982395
-5052.696253,16166,18226.265969
-3593.862219,16166,18232.543505
-2647.621921,16166,18238.866315
-2592.075361,16166,18245.118492
-1880.04208,16166,18251.483526
-1705.382834,16166,18257.784196
-2148.483647,16166,18264.070408
-1525.232732,16166,18270.324534
-2414.914637,16166,18276.617965
-2859.608837,16166,18282.878048
-2498.368188,16166,18289.160746
-3461.6051,16166,18295.351002
-2575.82324,16166,18301.570551
-2452.490962,16166,18307.797453
-2037.998672,16166,18314.029245
-3253.983899,16166,18320.257029
-2162.600322,16166,18326.5109
-1959.763685,16166,18332.755197
-1982.722908,16166,18339.1967
-1484.159245,16166,18345.476512
-2743.422684,16166,18351.772668
-1647.024246,16166,18357.973905
-1666.25678,16166,18364.207968
-2968.782366,16166,18370.482054
-3090.822585,16166,18376.778645
-4583.847538,16166,18383.012838
-3237.695926,16166,18389.338216
-3003.071221,16166,18395.635817
-4072.218806,16166,18401.921769
-3346.042423,16166,18408.17398
-2114.996559,16166,18414.413254
-2180.190995,16166,18420.673619
-1765.711693,16166,18426.956826
-2465.444839,16166,18433.270093
-2904.856676,16166,18439.677837
-2431.366927,16166,18446.044719
-2627.915751,16166,18452.294252
-2350.646373,16166,18458.604728
-3254.451196,16166,18464.841442
-2893.815833,16166,18471.0471
-1488.086074,16166,18477.244037
-2350.609557,16166,18483.477395
-2346.072185,16166,18489.69184
-1502.732167,16166,18495.926335
-1886.612216,16166,18502.165799
-2570.190606,16166,18508.37518
-1866.373472,16166,18514.595737
-2909.030152,16166,18520.813421
-1895.135339,16166,18527.034433
-2041.973288,16166,18533.266344
-2284.983051,16166,18539.503081
-2582.467481,16166,18545.79268
-2170.374193,16166,18552.00049
-2113.68078,16166,18558.251076
-2778.368208,16166,18564.513107
-2372.289698,16166,18570.778066
-2027.035149,16166,18577.020864
-1560.456772,16166,18583.39661
-1941.438455,16166,18589.752276
-4060.294188,16166,18596.236709
-2077.716246,16166,18602.631428
-2448.976827,16166,18609.038292
-1422.180121,16166,18615.384407
-2061.965564,16166,18621.759641
-1779.155674,16166,18628.111124
-1509.375274,16166,18634.338279
-1559.51403,16166,18640.548432
-1963.508173,16166,18646.75584
-2019.413253,16166,18653.050683
-3997.700852,16166,18659.310727
-2220.049407,16166,18665.583847
-1890.207911,16166,18671.814369
-1685.634049,16166,18678.149903
-1878.815543,16166,18684.446412
-1621.884455,16166,18690.647346
-2454.87165,16166,18696.83541
-2228.21437,16166,18703.050557
-2217.213038,16166,18709.284874
-2123.388669,16166,18715.4844
-2690.706063,16166,18721.738068
-2086.494029,16166,18728.115462
-2287.483423,16166,18734.35745
-1715.737237,16166,18740.614014
-2632.585841,16166,18746.832355
-2619.89611,16166,18753.041516
-2826.119221,16166,18759.24286
-2412.894267,16166,18765.499817
-2007.692629,16166,18771.815668
-2389.278618,16166,18778.133795
-2932.249092,16166,18784.396655
-1941.850429,16166,18790.681456
-3129.227944,16166,18797.026254
-1761.134431,16166,18803.292721
-2193.364792,16166,18809.726395
-2223.744532,16166,18815.938033
-2436.774548,16166,18822.188059
-3964.626587,16166,18828.468247
-2751.110045,16166,18834.723591
-1822.277113,16166,18841.024223
-3936.625795,16166,18847.227987
-3602.433899,16166,18853.576566
-2816.747685,16166,18859.890459
-3186.280318,16166,18866.431697
-4688.144909,16166,18872.979613
-4173.156467,16166,18879.446444
-4445.999774,16166,18885.771256
-2764.081333,16166,18892.101835
-2786.201536,16166,18898.408363
-3313.068816,16166,18904.760179
-4485.531276,16166,18911.235912
-3988.535436,16166,18917.52324
-4384.469802,16166,18923.79137
-4506.527371,16166,18930.017573
-3658.380425,16166,18936.401844
-3065.589195,16166,18942.710313
-3628.875613,16166,18948.940705
-3695.470331,16166,18955.200586
-2872.082612,16166,18961.510069
-2516.53832,16166,18967.784003
-2625.226519,16166,18974.010954
-2574.701954,16166,18980.295235
-2205.175454,16166,18986.552227
-1807.190449,16166,18992.91987
-1854.097995,16166,18999.304891
-2033.570646,16166,19005.631962
-2500.307534,16166,19011.990542
-1771.819504,16166,19018.256776
-2534.356095,16166,19024.520242
-2242.519601,16166,19030.822314
-2194.975354,16166,19037.149988
-2288.799908,16166,19043.459177
-2075.091737,16166,19049.776788
-2068.719699,16166,19056.289401
-2202.252149,16166,19062.744656
-2512.643389,16166,19069.079868
-2074.61243,16166,19075.483507
-2199.859931,16166,19081.722285
-2602.70894,16166,19087.972327
-2464.822895,16166,19094.259798
-1587.857319,16166,19100.523675
-2918.553716,16166,19106.869485
-2368.015061,16166,19113.134798
-2395.935,16166,19119.496073
-2828.079642,16166,19125.815841
-2028.127218,16166,19132.181767
-2058.68968,16166,19138.547533
-1929.171519,16166,19144.993174
-2159.571589,16166,19151.390275
-2581.416656,16166,19157.712333
-2276.661962,16166,19164.14799
-2223.097538,16166,19170.642293
-3102.740011,16166,19176.875793
-2798.254125,16166,19183.126358
-1837.299122,16166,19189.341002
-2636.284853,16166,19195.583074
-2498.918171,16166,19201.860345
-2750.401104,16166,19208.14965
-2700.848984,16166,19214.404262
-2275.692562,16166,19220.620505
-1785.134945,16166,19226.82278
-2548.407574,16166,19233.028383
-3137.995438,16166,19239.222607
