#{"t_start": 1773866028.5969803, "env_id": "BuildingEnv"}
r,l,t
-277119282.752259,16166,10.920765
-277455114.112651,16166,16.75499
-272889489.585321,16166,22.559121
-270094898.245895,16166,28.371597
-268950167.639907,16166,34.14673
-268279019.946848,16166,39.924811
-267507004.534738,16166,45.756626
-264840772.650034,16166,51.690351
-259207633.551337,16166,57.619545
-260176820.245653,16166,63.485292
-261232083.526149,16166,69.323874
-258356485.063845,16166,75.163131
-260591547.154945,16166,81.049263
-253568436.902728,16166,86.997368
-255817082.296813,16166,93.147246
-256541901.648762,16166,99.475523
-255923241.965733,16166,105.93754
-251227681.113789,16166,111.983079
-246543839.172072,16166,118.096812
-244922421.984194,16166,124.25583
-250329393.169889,16166,130.416544
-243575846.63599,16166,136.558511
-245071620.141179,16166,142.696332
-241975699.716529,16166,148.836951
-244516652.782042,16166,154.929077
-240979272.360994,16166,161.006384
-240213192.389711,16166,167.140417
-236999454.623572,16166,173.272881
-237949693.948374,16166,179.3937
-236958224.20374,16166,185.495832
-232815081.811977,16166,191.636056
-232644443.636662,16166,197.831167
-228404872.428639,16166,204.04926
-225125588.970148,16166,210.283638
-227209244.121081,16166,216.500835
-222591526.0111,16166,222.79178
-222898539.893737,16166,229.102243
-220546290.319869,16166,235.381642
-226384198.026159,16166,241.658504
-215491936.726707,16166,247.951005
-220360967.705734,16166,254.265486
-214189101.938356,16166,260.554758
-211450075.530376,16166,266.84625
-210797482.883386,16166,273.147615
-213698291.774391,16166,279.448972
-207876813.971063,16166,285.746862
-209148513.579675,16166,292.090824
-206816168.432567,16166,298.400954
-209664014.643757,16166,304.72022
-201847939.067196,16166,311.063515
-201462659.059255,16166,317.38037
-202883554.856505,16166,323.684473
-198862987.820228,16166,329.962874
-200093466.456489,16166,336.259135
-194687236.389414,16166,342.612311
-201063350.000772,16166,348.937729
-194182763.632835,16166,355.276741
-192562452.810332,16166,361.648968
-194482319.305826,16166,368.049048
-188635656.425459,16166,374.429573
-187506861.723729,16166,380.792596
-184876246.34379,16166,387.18829
-186487556.697202,16166,393.555689
-182348892.515333,16166,399.956778
-178434374.078572,16166,406.317281
-181590761.538723,16166,412.680452
-178582965.387921,16166,419.136964
-178578080.336044,16166,425.632448
-174890839.861044,16166,432.185338
-176303065.457714,16166,438.607533
-171220438.251313,16166,445.019116
-177611230.250412,16166,451.465942
-165190591.891539,16166,457.953685
-166110480.406741,16166,464.426786
-160455419.903703,16166,470.943737
-164342047.864926,16166,477.406098
-165042582.712957,16166,483.88157
-165367958.946529,16166,490.344146
-161542493.187783,16166,496.794809
-159497427.08706,16166,503.303944
-153444772.847329,16166,509.821467
-155560223.209938,16166,516.347401
-153959821.366524,16166,522.87796
-159893882.893243,16166,529.386079
-149040033.664221,16166,535.893618
-151376813.132761,16166,542.426487
-149762697.015609,16166,548.961026
-149298365.464071,16166,555.481827
-142353436.380429,16166,562.051824
-147427680.123925,16166,568.580024
-142948565.347116,16166,575.153365
-144478197.454013,16166,581.759754
-143289579.674365,16166,588.372557
-139036455.202285,16166,594.992463
-138224248.472464,16166,601.586608
-135625521.664279,16166,608.307388
-136052597.779895,16166,614.968064
-133259755.023211,16166,621.548774
-128228638.617405,16166,628.175103
-131708323.209023,16166,634.87804
-131903241.958697,16166,641.545699
-129079342.222017,16166,648.193326
-125533893.601235,16166,654.857432
-125621660.247881,16166,661.518956
-125167292.646182,16166,668.233848
-119070454.77815,16166,674.934858
-122310682.854143,16166,681.736987
-123021120.942465,16166,688.724986
-116584069.736512,16166,695.391638
-114198587.309916,16166,702.102789
-113165559.3898,16166,708.839638
-115373697.096168,16166,715.538667
-113177862.571662,16166,722.235778
-112656725.204868,16166,728.954559
-109695145.789403,16166,735.67315
-103813447.469488,16166,742.417083
-109230459.098565,16166,749.181067
-111635913.086534,16166,755.911684
-108310439.589145,16166,762.619364
-107416787.530498,16166,769.43749
-101042614.377129,16166,776.253864
-98295332.916802,16166,783.072878
-96993328.899598,16166,789.911573
-94571345.319344,16166,796.732852
-94463598.987413,16166,803.548517
-96916039.27969,16166,810.349242
-92684893.204115,16166,817.227449
-87814106.279449,16166,824.083315
-87460153.518544,16166,830.952114
-84040276.251057,16166,837.834133
-91711735.048784,16166,844.731999
-84370953.413744,16166,851.660705
-81958297.684801,16166,858.610852
-85363429.906598,16166,865.575851
-79212117.336321,16166,872.559413
-75152242.345115,16166,879.530807
-72038571.14331,16166,886.47576
-78570041.109467,16166,893.428207
-74661383.500934,16166,900.410611
-78436247.290472,16166,907.398694
-72720121.813583,16166,914.375386
-79070636.723801,16166,921.288712
-73136693.291867,16166,928.23103
-70360702.707917,16166,935.187078
-64885725.146575,16166,942.190756
-62840316.333253,16166,949.160318
-65887799.147461,16166,956.129817
-60382339.855223,16166,963.114714
-60475108.486007,16166,970.130103
-63298366.351274,16166,977.107311
-56988431.699935,16166,984.127717
-60026849.343837,16166,991.128898
-60472882.829821,16166,998.089954
-57238444.588048,16166,1005.124122
-60675670.470738,16166,1012.150955
-53300987.852082,16166,1019.199069
-59787840.378344,16166,1026.229281
-52492976.140735,16166,1033.302523
-53342303.293746,16166,1040.386319
-48844807.049813,16166,1047.492411
-48984910.678442,16166,1054.566416
-48381171.946716,16166,1061.613542
-48162380.492386,16166,1068.719558
-48987572.676162,16166,1075.83053
-44012446.010225,16166,1082.898941
-44196434.047777,16166,1089.976608
-43301350.171496,16166,1097.041516
-42747654.548586,16166,1104.129523
-39469301.438764,16166,1111.283688
-39839134.843462,16166,1118.418721
-44666664.497413,16166,1125.610482
-43846533.184039,16166,1132.714516
-38519733.706745,16166,1139.856485
-40977750.191964,16166,1146.965368
-34761290.587481,16166,1154.103784
-31659348.493368,16166,1161.239362
-35057467.998415,16166,1168.393937
-33311412.8748,16166,1175.535757
-32113093.608386,16166,1182.763011
-36203041.170986,16166,1189.950965
-32234055.671407,16166,1197.206096
-32546825.978733,16166,1204.435293
-30130369.499533,16166,1211.635895
-31195711.429169,16166,1218.855491
-29404516.325584,16166,1226.075284
-30286996.217812,16166,1233.300994
-30358493.910464,16166,1240.491998
-28818454.49927,16166,1247.707689
-26686022.842356,16166,1254.974651
-26305436.108942,16166,1262.187641
-26300521.724119,16166,1269.394989
-29923698.124241,16166,1276.981889
-25018158.498345,16166,1284.23797
-24254953.500279,16166,1291.488905
-25782485.119863,16166,1298.730211
-23222550.959405,16166,1305.955608
-27402935.703185,16166,1313.213093
-24877669.226452,16166,1320.50245
-25032157.974361,16166,1327.776603
-22393251.377816,16166,1335.087859
-24530923.509353,16166,1342.525299
-22907983.922628,16166,1349.940634
-21974639.021967,16166,1357.365831
-21211286.879119,16166,1364.767868
-26222117.354439,16166,1372.157808
-27219076.533375,16166,1379.478385
-26066800.541535,16166,1386.850493
-24704687.812716,16166,1394.192187
-19205663.068419,16166,1401.5075
-22139773.782459,16166,1408.843544
-21843163.42918,16166,1416.160133
-22373047.159983,16166,1423.562081
-23779806.030008,16166,1430.924306
-20549358.885362,16166,1438.294019
-23423244.252279,16166,1445.63702
-21279865.246001,16166,1453.001382
-20587887.296766,16166,1460.468212
-25269807.922304,16166,1467.909981
-19675106.892497,16166,1475.319179
-21211302.384066,16166,1482.73822
-21666531.381629,16166,1490.084095
-20050629.766731,16166,1497.500903
-16997212.867053,16166,1505.329759
-18352136.487833,16166,1512.817101
-21636822.634706,16166,1520.239038
-22278288.864516,16166,1527.673816
-19255025.974445,16166,1535.080695
-17840535.89935,16166,1542.539289
-26372388.452573,16166,1550.04503
-21296022.307389,16166,1557.492776
-21124569.819982,16166,1564.976095
-20105958.483005,16166,1572.491178
-22006657.386438,16166,1580.013505
-22894177.807347,16166,1587.564353
-20813029.024389,16166,1595.135156
-40335272.167033,16166,1602.794015
-21703417.482344,16166,1610.506088
-22707706.780365,16166,1618.140311
-22399588.643988,16166,1625.853591
-23146023.39293,16166,1633.520246
-24146955.974265,16166,1641.171771
-22696303.713231,16166,1648.846672
-58981860.617773,16166,1656.519986
-20282941.839423,16166,1664.152803
-20240581.09611,16166,1671.794845
-24082803.087509,16166,1679.428142
-28271610.800448,16166,1687.05991
-53950118.419123,16166,1694.677782
-22562464.18938,16166,1702.289088
-20238861.905919,16166,1709.905511
-48765078.380178,16166,1717.538864
-24359240.839264,16166,1725.178782
-22640906.038773,16166,1732.84397
-25672023.912175,16166,1740.515007
-24597577.683308,16166,1748.213858
-24153851.602486,16166,1755.889148
-65265560.718636,16166,1763.586077
-21496785.304452,16166,1771.267613
-24219748.527185,16166,1778.956667
-23381782.278334,16166,1786.705193
-23546916.061304,16166,1794.382847
-21172900.568257,16166,1802.126999
-22428891.184494,16166,1809.863805
-22403112.110352,16166,1817.602946
-23358418.372683,16166,1825.315558
-24173587.682837,16166,1833.021376
-24015996.61779,16166,1840.716488
-24443884.008569,16166,1848.441185
-26942939.719494,16166,1856.137715
-27821940.548127,16166,1863.869851
-29274064.983209,16166,1871.575648
-30010860.074192,16166,1879.278781
-30586395.597232,16166,1887.046794
-31465118.564346,16166,1894.83689
-30953125.34007,16166,1902.567674
-33662830.613066,16166,1910.29812
-33301805.055004,16166,1918.041567
-36046837.074912,16166,1925.849349
-37879780.484776,16166,1933.642224
-35987157.948111,16166,1941.411888
-38811632.709787,16166,1949.190369
-39757546.46888,16166,1957.013279
-40256950.996929,16166,1965.161828
-42255974.198413,16166,1973.076505
-47171721.607208,16166,1980.955526
-45811110.268033,16166,1988.797658
-46152249.124871,16166,1996.659487
-49110888.643534,16166,2004.510711
-46443931.79133,16166,2012.371403
-48237743.149345,16166,2020.234622
-50203079.530588,16166,2028.139095
-51271361.132281,16166,2036.047001
-55059460.176044,16166,2043.94035
-56285234.922068,16166,2051.919777
-58152529.514296,16166,2059.859882
-59498765.139945,16166,2067.730176
-61524549.735352,16166,2075.67543
-63119203.12291,16166,2083.602361
-62940836.529046,16166,2091.493122
-65402623.665314,16166,2099.376449
-66582295.22701,16166,2107.365543
-65166367.514431,16166,2115.30787
-69988465.069611,16166,2123.297414
-68604940.049947,16166,2131.204237
-69759549.029672,16166,2139.142495
-68876236.752067,16166,2147.058812
-70234427.212773,16166,2155.038101
-75472622.121566,16166,2163.043879
-76938090.428333,16166,2171.055582
-77475957.205315,16166,2179.080292
-80104529.266104,16166,2187.114458
-78941081.101714,16166,2195.070892
-84668410.362744,16166,2203.062474
-79592313.002089,16166,2211.045022
-83447641.528068,16166,2219.048456
-83917215.153354,16166,2226.983021
-78816817.399371,16166,2234.90062
-80580224.55576,16166,2242.817934
-81710827.099904,16166,2250.736351
-83462651.14006,16166,2258.741801
-83545304.630544,16166,2266.820399
-82023964.403275,16166,2274.88635
-81938286.892879,16166,2282.967522
-79743382.112067,16166,2291.046022
-78583826.928028,16166,2299.137942
-85696387.050659,16166,2307.241037
-80164605.636261,16166,2315.321823
-81383227.033894,16166,2323.410481
-85349373.043214,16166,2331.466274
-87763405.396279,16166,2339.50809
-89792652.832832,16166,2347.518376
-86219673.684379,16166,2355.500188
-78334559.240793,16166,2363.464847
-83242704.683933,16166,2371.416914
-75866975.714299,16166,2379.365767
-65460976.488932,16166,2387.368168
-63678209.802105,16166,2395.409178
-53882975.211676,16166,2403.413575
-55605531.202675,16166,2411.408542
-53992640.347165,16166,2419.393323
-56308219.33334,16166,2427.347495
-56398727.686439,16166,2435.300914
-55110697.288356,16166,2443.322244
-54585481.044975,16166,2451.328335
-54856983.676903,16166,2459.3172
-56388476.960907,16166,2467.28573
-54315493.578068,16166,2475.254949
-55244217.296221,16166,2483.248399
-55247073.453119,16166,2491.265946
-55384926.01189,16166,2499.263607
-54538258.813778,16166,2507.254626
-55253834.307034,16166,2515.21696
-55902655.545452,16166,2523.148245
-55498551.606015,16166,2531.120453
-54679970.948358,16166,2539.138249
-55037449.316486,16166,2547.167476
-54382449.795137,16166,2555.11465
-54803294.971845,16166,2563.078032
-54812012.199946,16166,2571.457743
-168748974.43331,16166,2579.494409
-55003868.998537,16166,2587.441034
-56549497.231033,16166,2595.427014
-55188657.201716,16166,2603.375439
-54822415.711425,16166,2611.315657
-56422325.696507,16166,2619.243017
-129883968.417554,16166,2627.187205
-55701658.422976,16166,2635.249551
-55925812.089644,16166,2643.228349
-55241252.6683,16166,2651.172664
-54979076.947296,16166,2659.119069
-56597691.73105,16166,2667.057099
-55197428.492196,16166,2675.020821
-55031545.445068,16166,2682.980043
-55412595.279496,16166,2690.952473
-54501714.223877,16166,2698.900255
-54458667.743175,16166,2706.850195
-55315202.709628,16166,2714.791587
-53299156.089771,16166,2722.778296
-51587669.773456,16166,2730.705211
-50849887.125992,16166,2738.658719
-48935897.368122,16166,2746.607519
-49207206.674101,16166,2754.534917
-50891506.419847,16166,2762.46981
-50488824.706214,16166,2770.430432
-48239330.805185,16166,2778.450397
-46229001.221642,16166,2786.390659
-45733588.576521,16166,2794.410458
-47078313.941662,16166,2802.349144
-46138609.97599,16166,2810.307134
-48002742.550228,16166,2818.241777
-44884273.310283,16166,2826.173868
-43857642.669909,16166,2834.164108
-42677129.234496,16166,2842.221548
-40127474.861627,16166,2850.331825
-41863717.613734,16166,2858.427917
-39885908.474801,16166,2866.447917
-37852217.627835,16166,2874.441967
-36414277.850756,16166,2882.437725
-31989439.926308,16166,2890.463411
-28771507.334896,16166,2898.4341
-29960677.937309,16166,2906.4375
-31766426.289815,16166,2914.399289
-26606796.839946,16166,2922.350449
-28738774.277076,16166,2930.296072
-20207977.576089,16166,2938.342376
-23921740.422128,16166,2946.351832
-26316545.311587,16166,2954.374787
-17095505.789622,16166,2962.337649
-16950267.155192,16166,2970.324578
-16290912.125586,16166,2978.387444
-19532437.370429,16166,2986.478034
-20897990.446023,16166,2994.541964
-20746374.785787,16166,3002.650913
-19672627.178042,16166,3010.772722
-26231722.764546,16166,3018.844794
-16367500.993905,16166,3026.905031
-14617997.587141,16166,3034.980114
-12423774.001651,16166,3043.016185
-16135696.587108,16166,3050.994213
-17299466.997503,16166,3058.989844
-11168541.891368,16166,3066.999807
-21308258.489111,16166,3075.009485
-13961855.254141,16166,3082.99452
-15821619.164043,16166,3091.07917
-8962706.422564,16166,3099.06786
-10118804.43872,16166,3107.046788
-7065883.955441,16166,3115.010166
-11586885.763956,16166,3122.99098
-8270071.177357,16166,3130.964386
-9339717.939298,16166,3138.933895
-8583514.785586,16166,3146.895463
-14477730.403487,16166,3154.899341
-23746615.348084,16166,3162.858822
-6745644.366521,16166,3170.890304
-7866231.668206,16166,3178.894981
-9520132.159075,16166,3186.852473
-11782213.284485,16166,3194.803219
-3909281.180778,16166,3202.729025
-17276654.928365,16166,3210.661174
-7419343.173215,16166,3218.590711
-5796636.487193,16166,3226.528355
-11883933.330076,16166,3234.471539
-9053560.002827,16166,3242.425501
-13836979.338619,16166,3250.356033
-8275706.516611,16166,3258.279531
-8386595.101773,16166,3266.187004
-6106558.502214,16166,3274.104789
-7452319.027608,16166,3282.035796
-7582670.302611,16166,3289.94303
-8823764.411237,16166,3297.850359
-7547330.010227,16166,3305.780056
-9507185.927482,16166,3313.700755
-6289583.13535,16166,3321.612981
-9786062.199175,16166,3329.565623
-5806279.740515,16166,3337.503437
-6311967.201763,16166,3345.419317
-7534362.547886,16166,3353.317004
-7970676.561457,16166,3361.24384
-7538341.132228,16166,3369.158899
-9697727.398606,16166,3377.109753
-12175395.161371,16166,3385.038487
-12877581.887292,16166,3392.973308
-8270110.107353,16166,3400.901653
-9830563.381633,16166,3408.830866
-15056812.876327,16166,3416.750004
-11671417.684205,16166,3424.692326
-11569860.551523,16166,3432.604683
-11882695.874578,16166,3440.567325
-13942875.645922,16166,3448.493269
-11982800.669138,16166,3456.409382
-15724771.936308,16166,3464.41592
-18441047.014671,16166,3472.397098
-12516142.311669,16166,3480.32811
-13754642.928224,16166,3488.279428
-13554635.071628,16166,3496.204039
-16074845.795454,16166,3504.145189
-14533607.868448,16166,3512.132703
-21540886.118261,16166,3520.075526
-15990516.912695,16166,3528.043465
-15526071.390144,16166,3535.95484
-11879296.369331,16166,3543.973129
-11159632.211545,16166,3552.042155
-15595018.852427,16166,3560.119818
-19062087.607078,16166,3568.21392
-14790856.527094,16166,3576.284087
-21590939.282977,16166,3584.344311
-16805865.223317,16166,3592.409074
-19039730.19675,16166,3600.437891
-17521017.866867,16166,3608.506408
-15951205.043372,16166,3616.589409
-19977216.32611,16166,3624.647694
-23023287.626404,16166,3632.709217
-13786089.129751,16166,3640.746646
-15020601.990559,16166,3648.774843
-21554974.281981,16166,3656.782387
-19525457.763203,16166,3664.805218
-22584053.488412,16166,3672.821356
-22076623.885291,16166,3680.805966
-16447873.430577,16166,3688.791993
-18433402.288123,16166,3696.783082
-19849517.040996,16166,3705.187048
-20916683.745798,16166,3713.232107
-24703737.022063,16166,3721.22719
-24932888.251724,16166,3729.218621
-27138938.723265,16166,3737.18882
-26208702.264462,16166,3745.157993
-22868491.515283,16166,3753.111894
-16273440.186652,16166,3761.070693
-16859464.883433,16166,3769.061378
-21149854.399649,16166,3777.025463
-22412010.320842,16166,3784.980328
-22853453.656641,16166,3792.94248
-23446728.112872,16166,3800.894031
-17224475.65202,16166,3808.860452
-19055046.547823,16166,3816.820984
-16426374.43706,16166,3824.785795
-19640026.74005,16166,3832.735636
-15598769.639357,16166,3840.699188
-12797135.894185,16166,3848.65928
-16957100.430114,16166,3856.669907
-17324816.280929,16166,3864.660269
-18506397.429216,16166,3872.648794
-16161482.349891,16166,3880.637776
-20121869.073623,16166,3888.634624
-17144223.377067,16166,3896.617082
-18200193.989961,16166,3904.595416
-23627927.976476,16166,3912.592834
-18814973.489774,16166,3920.582754
-22992760.538955,16166,3928.576177
-22597532.084517,16166,3936.606353
-19756139.142441,16166,3944.619398
-21984995.026376,16166,3952.59864
-16241000.09179,16166,3960.60453
-14427995.482259,16166,3968.581112
-24190480.46414,16166,3976.546529
-22301069.119114,16166,3984.504701
-20483196.493872,16166,3992.464562
-15513767.053557,16166,4000.414479
-22526479.028652,16166,4008.399699
-19222425.055284,16166,4016.36022
-10982996.054844,16166,4024.315078
-13917474.183738,16166,4032.283367
-14468561.587486,16166,4040.233424
-11833303.098901,16166,4048.185751
-14280905.541265,16166,4056.162591
-15135142.925988,16166,4064.137591
-16892570.879415,16166,4072.079469
-17738665.352171,16166,4080.039817
-16077997.322655,16166,4087.994282
-19059492.776727,16166,4095.974923
-15007833.442842,16166,4103.957932
-16307816.85626,16166,4111.928912
-12796951.162962,16166,4119.88471
-16295865.887214,16166,4127.837022
-13033060.921019,16166,4135.800139
-12405961.284791,16166,4143.775351
-10670565.298795,16166,4151.748326
-16214940.734398,16166,4159.746031
-11671466.814649,16166,4167.709477
-13881459.549578,16166,4175.677377
-13799643.587591,16166,4183.642739
-13200189.886566,16166,4191.610332
-11105738.76343,16166,4199.581542
-8850610.911788,16166,4207.542971
-14521649.290735,16166,4215.52189
-18982450.553456,16166,4223.490532
-15535624.92129,16166,4231.479044
-16137660.078352,16166,4239.580789
-13434560.515365,16166,4247.588158
-16170841.716795,16166,4255.606137
-13991545.838255,16166,4263.561445
-8937768.664984,16166,4271.535578
-10292400.281708,16166,4279.50329
-10356928.622491,16166,4287.481172
-10695001.661645,16166,4295.46032
-11304158.97119,16166,4303.856105
-11120793.205462,16166,4311.883999
-11228035.150722,16166,4319.89887
-8379231.940884,16166,4327.908638
-5894489.148449,16166,4335.914864
-7765892.412368,16166,4343.901655
-8624164.397766,16166,4351.942724
-8369078.41985,16166,4359.962642
-10943262.552326,16166,4367.943684
-8319401.207616,16166,4375.932833
-5807759.070684,16166,4383.904171
-9110833.245867,16166,4391.891185
-5755166.458452,16166,4399.862952
-4417349.774795,16166,4407.843194
-5211390.061587,16166,4415.835804
-4168694.805924,16166,4423.792817
-3939178.197708,16166,4431.749462
-4121196.367294,16166,4439.753218
-2404883.89739,16166,4447.716132
-2801240.698268,16166,4455.704424
-2922188.408491,16166,4463.688144
-2360417.954633,16166,4471.658422
-2276113.269098,16166,4479.63906
-2437290.091875,16166,4487.63622
-2643135.454429,16166,4495.620203
-2345836.186291,16166,4503.596504
-1899962.761027,16166,4511.55813
-2180885.281798,16166,4519.533069
-1702895.03044,16166,4527.490474
-1462885.06434,16166,4535.478878
-1301646.728457,16166,4543.470512
-1036470.043917,16166,4551.471871
-1483715.529269,16166,4559.49719
-1177727.979311,16166,4567.47935
-1331710.67042,16166,4575.458662
-1235751.498748,16166,4583.435623
-1278793.764043,16166,4591.449915
-1273457.873487,16166,4599.449493
-942839.758598,16166,4607.441694
-938099.717148,16166,4615.430206
-898669.085735,16166,4623.416175
-945723.93917,16166,4631.411589
-1092844.011686,16166,4639.426718
-890322.859975,16166,4647.39369
-1193519.680904,16166,4655.398443
-1037691.459929,16166,4663.364507
-1020214.28464,16166,4671.32204
-1091895.049799,16166,4679.284336
-861747.563926,16166,4687.264867
-1087630.580253,16166,4695.243137
-1080975.414332,16166,4703.214412
-986625.344587,16166,4711.206188
-835534.594256,16166,4719.164357
-1036365.55329,16166,4727.120417
-854869.597455,16166,4735.121841
-747354.005933,16166,4743.098288
-871675.359627,16166,4751.07109
-1006340.821523,16166,4759.027248
-1221886.482665,16166,4766.980731
-1036118.256428,16166,4774.952108
-961474.857518,16166,4782.92452
-736979.247379,16166,4790.873686
-583394.51528,16166,4798.837915
-560848.565182,16166,4806.792576
-490031.687085,16166,4814.745254
-628334.607331,16166,4822.75604
-621613.98994,16166,4830.747344
-534246.441437,16166,4838.715863
-571127.49331,16166,4846.711424
-507260.282972,16166,4854.66072
-522292.398615,16166,4862.611011
-491215.907106,16166,4870.584444
-559507.535103,16166,4878.596254
-498235.628859,16166,4886.541193
-480258.010718,16166,4894.505684
-529586.921033,16166,4902.462049
-461049.820761,16166,4910.419524
-575411.854218,16166,4918.387909
-485956.989424,16166,4926.375567
-508358.07784,16166,4934.32461
-496299.904466,16166,4942.290498
-544482.242513,16166,4950.642481
-521663.495492,16166,4958.619323
-382401.18324,16166,4966.575064
-437182.655068,16166,4974.598605
-409503.547268,16166,4982.552432
-422768.835059,16166,4990.562204
-382213.349799,16166,4998.570375
-419842.977662,16166,5006.569714
-320430.128849,16166,5014.519835
-342471.845035,16166,5022.511532
-335828.651582,16166,5030.477446
-349102.032026,16166,5038.453413
-356788.353798,16166,5046.425718
-389643.550515,16166,5054.492023
-397497.396787,16166,5062.546475
-343666.62483,16166,5070.640728
-347539.101026,16166,5078.711716
-301816.520358,16166,5086.806582
-303120.157408,16166,5094.909204
-312502.011351,16166,5102.995414
-321750.917708,16166,5111.105652
-347511.761646,16166,5119.18812
-355999.34823,16166,5127.222242
-319462.407858,16166,5135.208857
-351612.762865,16166,5143.186116
-299899.834073,16166,5151.167439
-282763.92857,16166,5159.164702
-311143.775352,16166,5167.222435
-300235.788045,16166,5175.189468
-394695.401099,16166,5183.171479
-371600.060973,16166,5191.145027
-325554.301145,16166,5199.118873
-356365.687738,16166,5207.089452
-312620.978456,16166,5215.080342
-334281.331309,16166,5223.071065
-279694.166855,16166,5231.04602
-286370.980563,16166,5239.021189
-283396.09959,16166,5247.009332
-283837.493479,16166,5254.99016
-289786.38033,16166,5262.989334
-277731.29801,16166,5270.988816
-324610.812071,16166,5278.975484
-320225.296813,16166,5286.962452
-318070.918005,16166,5294.951285
-299873.231621,16166,5302.92119
-266148.435709,16166,5310.902938
-285789.76051,16166,5318.920075
-313792.540333,16166,5326.89408
-284579.158738,16166,5334.856129
-292886.926669,16166,5342.832612
-288348.130329,16166,5350.795904
-279634.413362,16166,5358.780273
-277386.639963,16166,5366.779637
-288165.075036,16166,5374.766507
-294923.863597,16166,5382.818806
-272626.237881,16166,5390.802462
-286865.212444,16166,5398.782774
-305346.060987,16166,5406.7785
-307120.041709,16166,5414.787477
-287518.181148,16166,5422.766362
-284252.830689,16166,5430.747869
-292919.136975,16166,5438.775932
-286835.957984,16166,5446.76013
-285016.886772,16166,5454.73788
-298487.260066,16166,5462.731432
-286691.758215,16166,5470.708921
-290943.288658,16166,5478.672372
-292188.552628,16166,5486.643814
-298155.389569,16166,5494.629884
-299974.113711,16166,5502.609189
-275988.173398,16166,5510.579834
-294151.239399,16166,5518.569243
-292145.328179,16166,5526.533531
-307288.421527,16166,5534.517129
-298090.914903,16166,5542.489476
-279872.2804,16166,5550.462623
-293634.079802,16166,5558.45942
-312415.972359,16166,5566.434326
-296464.129542,16166,5574.761966
-352249.302876,16166,5582.733064
-306592.835215,16166,5590.695092
-286927.149342,16166,5598.69536
-314835.194047,16166,5606.680127
-290161.249626,16166,5614.696711
-321313.827947,16166,5622.658781
-285111.464142,16166,5630.626478
-294279.343463,16166,5638.593477
-311202.259634,16166,5646.613718
-293651.378109,16166,5654.617995
-284272.839548,16166,5662.582059
-307040.341099,16166,5670.549841
-312627.164082,16166,5678.520425
-294863.905379,16166,5686.479884
-290293.279012,16166,5694.464034
-291339.450582,16166,5702.446481
-298611.863104,16166,5710.41454
-308782.960702,16166,5718.384853
-299929.101321,16166,5726.370005
-295061.890705,16166,5734.370842
-326153.47395,16166,5742.359484
-299803.313915,16166,5750.361162
-299804.668686,16166,5758.3483
-282722.977274,16166,5766.337592
-316494.335831,16166,5774.334764
-310081.406174,16166,5782.331507
-311399.182667,16166,5790.356937
-303135.867035,16166,5798.380468
-307209.063623,16166,5806.39615
-277052.873217,16166,5814.405645
-284677.748646,16166,5822.428452
-293161.261634,16166,5830.455842
-304376.041594,16166,5838.483184
-302296.76804,16166,5846.524629
-303445.833394,16166,5854.53627
-312102.232999,16166,5862.579911
-316298.612021,16166,5870.593834
-317708.867795,16166,5878.632345
-318280.426324,16166,5886.62801
-301362.832701,16166,5894.644434
-311007.664696,16166,5902.658154
-305001.907832,16166,5910.685375
-324931.686016,16166,5918.717055
-299203.283027,16166,5926.715165
-355435.749867,16166,5934.702582
-324951.919999,16166,5942.714067
-320947.349476,16166,5950.694906
-373081.576069,16166,5958.667076
-327840.466822,16166,5966.650376
-338580.029448,16166,5974.624273
-317982.465883,16166,5982.603812
-328861.0056,16166,5990.588614
-327686.395209,16166,5998.632869
-319238.561884,16166,6006.677371
-334697.703324,16166,6014.736042
-338748.549094,16166,6022.703985
-331224.73006,16166,6030.670031
-347853.020484,16166,6038.639733
-333601.116564,16166,6046.623709
-329849.679207,16166,6054.554577
-364740.109097,16166,6062.482826
-329812.250913,16166,6070.541952
-333510.90257,16166,6078.524026
-371078.456871,16166,6086.457621
-327478.497304,16166,6094.354706
-308682.77606,16166,6102.411518
-324178.438275,16166,6110.463609
-339092.410977,16166,6118.510754
-357490.558611,16166,6126.521021
-340871.868315,16166,6134.577646
-325322.272397,16166,6142.600553
-348477.873832,16166,6150.609768
-319469.001153,16166,6158.622924
-356556.695288,16166,6166.628665
-331669.610167,16166,6174.656703
-348941.362775,16166,6182.686896
-361000.129773,16166,6190.695862
-377965.172987,16166,6198.715152
-356436.054669,16166,6206.727852
-359717.988058,16166,6214.73544
-348470.489204,16166,6222.714524
-367340.270857,16166,6230.729704
-368158.344691,16166,6238.747736
-369364.820868,16166,6246.741011
-365540.010574,16166,6254.688884
-369729.279573,16166,6262.645717
-331694.332965,16166,6270.590098
-364256.613779,16166,6278.574946
-346185.26498,16166,6286.546797
-344886.390436,16166,6294.529444
-344691.646563,16166,6302.497922
-339501.885757,16166,6310.470823
-382334.048408,16166,6318.435472
-323756.418813,16166,6326.423773
-368988.047342,16166,6334.413322
-344156.46286,16166,6342.381395
-337697.899986,16166,6350.393186
-363056.454047,16166,6358.37042
-321170.162854,16166,6366.35364
-342236.028365,16166,6374.345198
-354763.42612,16166,6382.316209
-362074.748141,16166,6390.297459
-351603.302954,16166,6398.277385
-345644.682473,16166,6406.25509
-322298.498755,16166,6414.231817
-357102.531035,16166,6422.24199
-379198.820553,16166,6430.200345
-352255.244834,16166,6438.153011
-349441.557102,16166,6446.102197
-350390.294246,16166,6454.059368
-360970.531609,16166,6462.009759
-353649.877419,16166,6469.972619
-373451.870349,16166,6477.920481
-364368.048706,16166,6485.873889
-372734.83892,16166,6493.816435
-353914.477802,16166,6501.770504
-373646.099161,16166,6509.772211
-366163.013646,16166,6517.740171
-388120.993869,16166,6525.695466
-372448.787975,16166,6533.641166
-335277.768406,16166,6541.576469
-354862.546253,16166,6549.527669
-407873.102083,16166,6557.479318
-351887.656198,16166,6565.444067
-343285.301198,16166,6573.39821
-383950.148315,16166,6581.346101
-368667.870131,16166,6589.291532
-438825.04558,16166,6597.245482
-356297.962693,16166,6605.188689
-397860.905206,16166,6613.148005
-368678.902997,16166,6621.095359
-346676.131039,16166,6629.02677
-392183.114877,16166,6636.974766
-346855.207922,16166,6644.938429
-329606.650615,16166,6652.894789
-370580.443229,16166,6660.84405
-385788.331299,16166,6668.819106
-363319.661367,16166,6676.868955
-362244.153629,16166,6684.934929
-405060.011224,16166,6693.418548
-387497.96018,16166,6701.550138
-365914.610117,16166,6709.657113
-357309.629137,16166,6717.753725
-355649.613741,16166,6725.82811
-361775.18182,16166,6733.853656
-428398.924687,16166,6741.863753
-368443.144193,16166,6749.883109
-377270.191132,16166,6757.903477
-378997.886024,16166,6765.923819
-346087.698627,16166,6773.910637
-389023.190358,16166,6781.910109
-392713.049528,16166,6789.867133
-390422.479954,16166,6797.817972
-394951.703845,16166,6805.786094
-366809.242913,16166,6813.800663
-374277.137803,16166,6821.765449
-386899.896425,16166,6829.734589
-370151.802761,16166,6837.706402
-371748.719078,16166,6845.673154
-365435.21965,16166,6853.6353
-391747.099856,16166,6861.592269
-362865.443877,16166,6869.556617
-368417.907494,16166,6877.509672
-459237.207883,16166,6885.467031
-345524.795102,16166,6893.411668
-354230.992748,16166,6901.393738
-422742.110124,16166,6909.341948
-373651.324259,16166,6917.281042
-419368.780406,16166,6925.349469
-384762.521614,16166,6933.422205
-382388.955397,16166,6941.529629
-352504.598732,16166,6949.529924
-371035.98432,16166,6957.500588
-396623.088295,16166,6965.456093
-374557.232286,16166,6973.479574
-349479.36271,16166,6981.577543
-350554.072138,16166,6989.70561
-380098.659193,16166,6997.818263
-354742.90722,16166,7005.93336
-372428.759833,16166,7013.962326
-390487.799736,16166,7021.971731
-399174.160828,16166,7030.000639
-399318.111412,16166,7037.995957
-392080.086679,16166,7046.010733
-370447.940787,16166,7054.000691
-382251.544919,16166,7061.971583
-385167.762864,16166,7069.935533
-379481.372434,16166,7077.884908
-381018.169928,16166,7085.835692
-407212.896762,16166,7093.812788
-381741.713565,16166,7101.750964
-382271.291257,16166,7109.718139
-389326.999848,16166,7117.675792
-384488.23623,16166,7125.648528
-356377.665138,16166,7133.608433
-364875.536917,16166,7141.582527
-390924.104321,16166,7149.579219
-391265.445126,16166,7157.536858
-346948.044829,16166,7165.482834
-375183.655678,16166,7173.439307
-394958.490989,16166,7181.399704
-386602.467233,16166,7189.353249
-425028.145604,16166,7197.310849
-367171.04932,16166,7205.265815
-383758.941087,16166,7213.246268
-398810.178682,16166,7221.225549
-398080.089421,16166,7229.189671
-406888.521361,16166,7237.201039
-377085.496076,16166,7245.165883
-410183.206346,16166,7253.132872
-411770.524953,16166,7261.097726
-400509.872808,16166,7269.075501
-398042.238458,16166,7277.025786
-381185.584419,16166,7284.980336
-396212.178451,16166,7292.949623
-387276.645102,16166,7300.911458
-416473.187472,16166,7308.868204
-418580.667305,16166,7316.817199
-422441.960877,16166,7324.794683
-420658.789041,16166,7332.765359
-401948.531073,16166,7340.71861
-463392.422615,16166,7348.709476
-436048.743289,16166,7356.664449
-442594.351602,16166,7364.644524
-457675.486607,16166,7372.599211
-461649.876429,16166,7380.568985
-444044.378209,16166,7388.54138
-449211.616769,16166,7396.501248
-473225.811394,16166,7404.473866
-497813.56939,16166,7412.43449
-503885.049586,16166,7420.391906
-509617.374344,16166,7428.361738
-514524.933261,16166,7436.718311
-518897.746882,16166,7444.680728
-536291.747264,16166,7452.630517
-497104.625768,16166,7460.625995
-569511.089053,16166,7468.576894
-543583.727717,16166,7476.530801
-519262.842873,16166,7484.485337
-488984.256247,16166,7492.44998
-502885.174998,16166,7500.417673
-502240.367404,16166,7508.374717
-496245.530344,16166,7516.343903
-497039.842683,16166,7524.348125
-473906.119925,16166,7532.336275
-543755.439033,16166,7540.320302
-515396.549153,16166,7548.291995
-496570.479718,16166,7556.250787
-521483.210377,16166,7564.218713
-526630.842187,16166,7572.236723
-546238.678788,16166,7580.231759
-501053.038333,16166,7588.199023
-477438.277036,16166,7596.192907
-487157.235013,16166,7604.177106
-515173.669542,16166,7612.196909
-567191.189437,16166,7620.186506
-586341.020818,16166,7628.171113
-647257.563317,16166,7636.141268
-609655.442514,16166,7644.132826
-604378.530132,16166,7652.106508
-576450.807915,16166,7660.076187
-649578.584108,16166,7668.084182
-615504.605645,16166,7676.066286
-693622.229945,16166,7684.027307
-715443.580636,16166,7691.986979
-697321.914029,16166,7699.982064
-636204.856082,16166,7707.938197
-738543.453748,16166,7715.899096
-705218.649205,16166,7723.843115
-723717.887405,16166,7731.793341
-762477.191461,16166,7739.728813
-782275.812056,16166,7747.675246
-838940.741267,16166,7755.622354
-786718.275578,16166,7763.59501
-792684.367478,16166,7771.545571
-779908.219572,16166,7779.498875
-789322.920727,16166,7787.42508
-797545.437296,16166,7795.363071
-894664.674239,16166,7803.321656
-919765.824363,16166,7811.27358
-925536.027362,16166,7819.227575
-891193.423012,16166,7827.155277
-759035.829763,16166,7835.094398
-802164.696843,16166,7843.038251
-727024.012576,16166,7850.988609
-762908.849793,16166,7858.974484
-777521.808282,16166,7866.934155
-823723.074115,16166,7874.902251
-864391.090181,16166,7882.854401
-772233.868436,16166,7890.903942
-899990.986151,16166,7898.833047
-999580.610684,16166,7906.7826
-997868.282105,16166,7914.702589
-1043371.209554,16166,7922.588125
-949412.916132,16166,7930.536911
-1036696.338601,16166,7938.485251
-990668.271553,16166,7946.404342
-1045868.188256,16166,7954.385593
-964445.733569,16166,7962.482861
-1077937.6028,16166,7970.55606
-1323834.888801,16166,7978.658424
-1313574.492755,16166,7986.70094
-1353581.942435,16166,7994.72954
-1200650.81282,16166,8002.783691
-1429984.104842,16166,8010.84099
-1322461.453991,16166,8018.83892
-1368989.319825,16166,8026.838445
-1686097.090571,16166,8034.860775
-1186936.619899,16166,8042.877729
-1789383.88758,16166,8050.88429
-1522183.06419,16166,8058.85584
-1747156.196579,16166,8066.79127
-1544215.394179,16166,8074.715212
-1574022.625766,16166,8082.611572
-1578253.285273,16166,8090.502576
-1519576.335019,16166,8098.42864
-1638798.360737,16166,8106.338674
-1524378.300135,16166,8114.250817
-1789499.389708,16166,8122.14369
-1854014.272138,16166,8130.054062
-1641819.003133,16166,8137.966852
-1818869.296675,16166,8145.909104
-1633671.00614,16166,8153.815517
-1553065.90871,16166,8161.741921
-1855073.887532,16166,8169.665393
-1763570.363963,16166,8177.983486
-1753826.627514,16166,8185.917102
-1576357.069566,16166,8193.890595
-1703643.01952,16166,8201.815773
-1616699.141775,16166,8209.75952
-1681494.757886,16166,8217.660375
-1930472.172533,16166,8225.609422
-1769898.008302,16166,8233.554689
-1608110.453845,16166,8241.542704
-1589018.13402,16166,8249.474253
-1652016.961881,16166,8257.393777
-1531119.733421,16166,8265.309983
-1683765.627734,16166,8273.235128
-1572065.613939,16166,8281.159817
-1582532.203538,16166,8289.086352
-1490317.475474,16166,8297.029283
-1445801.59454,16166,8304.957397
-1380252.362376,16166,8312.920611
-1506063.216645,16166,8320.853257
-1482574.762249,16166,8328.790504
-1316497.925465,16166,8336.722655
-1380774.67304,16166,8344.678462
-1185878.284244,16166,8352.626611
-1143067.307559,16166,8360.538305
-1133815.463844,16166,8368.473712
-1071417.647005,16166,8376.400024
-979060.769838,16166,8384.400824
-945291.54491,16166,8392.328647
-885120.900147,16166,8400.242198
-889724.949153,16166,8408.156837
-862986.342417,16166,8416.086576
-762828.553974,16166,8424.011701
-716853.446885,16166,8431.95157
-688284.997791,16166,8439.870698
-670015.281832,16166,8447.777084
-644116.35137,16166,8455.707384
-637619.039028,16166,8463.623343
-611205.772775,16166,8471.572681
-571464.662895,16166,8479.50459
-518600.210382,16166,8487.426831
-534578.259535,16166,8495.44715
-472662.60115,16166,8503.482301
-449184.900734,16166,8511.55762
-387930.114224,16166,8519.645515
-355249.512796,16166,8527.675167
-332397.499959,16166,8535.714374
-295460.920223,16166,8543.724338
-335594.073574,16166,8551.748447
-305249.221531,16166,8559.738835
-333643.663461,16166,8567.668164
-321411.464021,16166,8575.628367
-310818.414847,16166,8583.599475
-286758.793396,16166,8591.535169
-330204.67139,16166,8599.475381
-304058.724287,16166,8607.422169
-304658.852631,16166,8615.350758
-267099.505216,16166,8623.298601
-319032.445826,16166,8631.225851
-292659.940705,16166,8639.164246
-291736.060397,16166,8647.106012
-293911.66132,16166,8655.057883
-293845.741371,16166,8663.024747
-285632.426123,16166,8670.985384
-281527.97945,16166,8678.92588
-287846.662981,16166,8686.864282
-277991.358363,16166,8694.806134
-287803.114649,16166,8702.746677
-298338.587386,16166,8710.69079
-296431.700823,16166,8718.640781
-263066.778405,16166,8726.602458
-278917.510387,16166,8734.548694
-277085.558123,16166,8742.504223
-290544.739141,16166,8750.44411
-287302.790755,16166,8758.385076
-281365.574296,16166,8766.325748
-268448.110816,16166,8774.28065
-308596.292643,16166,8782.213482
-278916.616827,16166,8790.144165
-252441.521353,16166,8798.061487
-279205.88138,16166,8805.977264
-281847.519485,16166,8813.938479
-259639.614159,16166,8821.857897
-290939.736723,16166,8829.788318
-277855.805039,16166,8837.706422
-269783.334318,16166,8845.647855
-282086.920982,16166,8853.579337
-281839.002642,16166,8861.517212
-282312.804852,16166,8869.452815
-298085.573348,16166,8877.373897
-266571.178836,16166,8885.296373
-308952.486056,16166,8893.223327
-278471.473456,16166,8901.145651
-299556.044831,16166,8909.059412
-297398.573542,16166,8916.950875
-287976.494905,16166,8924.857571
-305732.85372,16166,8932.766179
-284312.24107,16166,8940.671348
-273059.844208,16166,8948.563385
-281685.886254,16166,8956.463384
-307019.138817,16166,8964.37905
-305039.522639,16166,8972.280872
-282823.687968,16166,8980.183672
-314043.616967,16166,8988.110612
-308926.93113,16166,8996.026757
-296798.598229,16166,9003.928509
-328785.563316,16166,9011.881749
-309766.835331,16166,9019.798608
-294902.462092,16166,9027.709476
-305105.945268,16166,9035.608309
-338876.715386,16166,9043.513076
-299278.783765,16166,9051.417929
-316753.718572,16166,9059.316565
-326997.813752,16166,9067.610706
-312697.575828,16166,9075.561953
-328214.359063,16166,9083.479625
-333455.086572,16166,9091.419266
-340943.284506,16166,9099.321263
-295822.598382,16166,9107.239447
-287142.56705,16166,9115.159523
-320414.880768,16166,9123.071558
-300083.880747,16166,9130.975709
-326258.964454,16166,9138.893681
-349175.415857,16166,9146.793791
-307145.295862,16166,9154.701472
-301699.302569,16166,9162.61685
-307121.141572,16166,9170.524341
-323779.347949,16166,9178.511784
-308340.285495,16166,9186.492769
-330715.77933,16166,9194.464019
-324856.665892,16166,9202.427144
-341582.117522,16166,9210.374408
-301877.532996,16166,9218.339431
-310264.416961,16166,9226.293481
-319804.332814,16166,9234.159294
-316624.348742,16166,9242.026649
-333136.987743,16166,9249.916959
-321477.463931,16166,9257.828827
-339110.561843,16166,9265.724856
-325840.32575,16166,9273.793849
-314070.887109,16166,9281.895397
-333534.361349,16166,9290.036784
-317576.158229,16166,9298.070775
-353434.416436,16166,9306.01764
-317462.531181,16166,9313.971348
-316725.108561,16166,9321.918066
-356587.372416,16166,9329.90722
-328744.25419,16166,9337.912185
-337423.17959,16166,9345.930244
-336146.692174,16166,9353.964741
-316269.184811,16166,9361.98989
-375385.13876,16166,9369.999701
-357974.552974,16166,9378.019104
-374922.273768,16166,9385.974831
-311270.873254,16166,9393.927751
-335732.777184,16166,9401.874617
-325165.405267,16166,9409.851713
-349369.863328,16166,9417.792896
-323160.894873,16166,9425.741183
-359227.442358,16166,9433.68007
-332809.985818,16166,9441.619441
-334362.996431,16166,9449.545154
-358465.002946,16166,9457.474857
-342033.908489,16166,9465.395951
-337747.26326,16166,9473.315527
-337450.364074,16166,9481.237303
-353116.747016,16166,9489.167135
-344898.398672,16166,9497.158054
-349713.474468,16166,9505.091414
-346072.560545,16166,9513.016855
-353138.827756,16166,9520.942015
-376735.490999,16166,9528.869156
-361328.140324,16166,9536.811965
-350776.665003,16166,9544.738774
-327553.820202,16166,9552.664168
-352759.283107,16166,9560.590791
-351908.772472,16166,9568.508613
-332132.405075,16166,9576.415291
-341076.441319,16166,9584.357712
-344895.244797,16166,9592.283864
-331486.234193,16166,9600.213215
-340422.366639,16166,9608.141758
-325006.338919,16166,9616.105106
-368787.147416,16166,9624.036452
-356844.056608,16166,9631.971997
-331605.386522,16166,9639.90165
-380025.44268,16166,9647.810825
-356895.941475,16166,9655.739865
-362636.017568,16166,9663.662355
-401675.378116,16166,9671.591426
-377305.77914,16166,9679.527991
-357647.646529,16166,9687.45797
-409457.701093,16166,9695.394357
-410893.758146,16166,9703.315796
-394442.181121,16166,9711.243971
-386858.035352,16166,9719.164796
-382805.212634,16166,9727.073411
-434758.481613,16166,9734.982924
-365632.360043,16166,9742.903943
-410511.293899,16166,9750.829981
-404282.452562,16166,9758.758896
-420437.550473,16166,9766.739259
-372991.74584,16166,9774.716698
-395576.399421,16166,9782.636004
-366480.729285,16166,9790.568822
-392549.203706,16166,9798.459085
-380867.203681,16166,9806.457283
-416874.292836,16166,9814.545572
-363941.404849,16166,9822.620203
-391485.431861,16166,9830.6877
-433950.605939,16166,9838.774065
-441668.888632,16166,9846.860998
-447315.263679,16166,9854.944554
-413050.623475,16166,9862.996771
-406374.91017,16166,9870.975794
-430335.120637,16166,9878.98247
-449792.237937,16166,9887.344862
-423813.234623,16166,9895.355187
-472563.947699,16166,9903.36609
-440304.480504,16166,9911.385186
-432425.20603,16166,9919.393739
-429389.988269,16166,9927.41541
-422320.396642,16166,9935.401816
-434239.276114,16166,9943.383456
-425742.309573,16166,9951.383816
-445071.456684,16166,9959.355796
-424222.295041,16166,9967.346369
-420318.765676,16166,9975.329056
-434983.896394,16166,9983.294474
-426075.937961,16166,9991.232436
-428274.809489,16166,9999.157191
-448958.986714,16166,10007.073977
-448875.990418,16166,10014.983021
-432445.400423,16166,10022.891678
-417087.318389,16166,10030.809267
-404591.758446,16166,10038.718292
-433720.225645,16166,10046.627394
-448059.341412,16166,10054.548573
-433288.114798,16166,10062.454294
-445749.039377,16166,10070.352661
-446860.226121,16166,10078.242546
-494812.615817,16166,10086.185189
-479570.290544,16166,10094.090793
-459943.879081,16166,10102.022224
-456323.985648,16166,10109.919672
-453586.750489,16166,10117.869591
-474747.116818,16166,10125.792407
-487578.730413,16166,10133.719882
-503066.357438,16166,10141.622597
-481768.718015,16166,10149.527731
-503018.807269,16166,10157.440225
-517041.979063,16166,10165.369112
-479619.336987,16166,10173.285955
-468381.418076,16166,10181.212675
-464631.940595,16166,10189.163947
-481985.107518,16166,10197.087865
-431770.422282,16166,10205.021126
-471563.824828,16166,10212.963186
-468024.959065,16166,10220.904794
-477160.911415,16166,10228.828047
-453673.62932,16166,10236.75921
-448737.422229,16166,10244.69245
-521555.938572,16166,10252.619145
-491120.19264,16166,10260.558442
-529217.12976,16166,10268.484083
-489338.786547,16166,10276.433037
-522005.545457,16166,10284.386406
-494214.241938,16166,10292.328837
-532234.193005,16166,10300.2669
-474206.92212,16166,10308.197472
-493494.569178,16166,10316.136131
-528029.572608,16166,10324.085508
-518513.106361,16166,10332.02456
-503816.391219,16166,10339.961527
-486637.080928,16166,10347.9012
-518050.432321,16166,10355.83537
-506825.701435,16166,10363.806133
-453469.634627,16166,10371.833154
-447856.429937,16166,10379.901804
-449230.155019,16166,10387.975022
-525775.929394,16166,10396.032439
-523763.016196,16166,10404.188158
-482206.340926,16166,10412.291104
-509690.295473,16166,10420.356359
-496800.474453,16166,10428.401085
-583759.661387,16166,10436.438932
-527984.107061,16166,10444.467206
-526443.106644,16166,10452.501484
-490355.372925,16166,10460.538238
-511198.259725,16166,10468.553742
-560788.41012,16166,10476.550078
-550324.11886,16166,10484.533874
-555403.849258,16166,10492.538116
-575018.594927,16166,10500.543898
-609570.075172,16166,10508.515512
-533972.750949,16166,10516.485517
-540709.864625,16166,10524.444476
-566057.275182,16166,10532.399386
-546657.402499,16166,10540.327651
-521072.301477,16166,10548.263709
-593717.065588,16166,10556.20398
-616605.941335,16166,10564.139735
-590813.386481,16166,10572.07085
-616624.813559,16166,10580.017216
-645605.85916,16166,10587.944365
-630997.443508,16166,10595.869966
-642187.247807,16166,10603.787202
-674447.7335,16166,10611.70328
-663546.869748,16166,10619.623929
-748115.869084,16166,10627.545719
-715899.713606,16166,10635.457904
-648486.484662,16166,10643.378532
-782271.686166,16166,10651.303563
-794103.627865,16166,10659.232993
-771467.175656,16166,10667.13564
-753206.468884,16166,10675.04215
-712765.710122,16166,10682.970801
-752242.065826,16166,10690.891134
-734376.916141,16166,10698.799924
-735321.782333,16166,10706.717748
-712480.249287,16166,10714.642009
-710356.185655,16166,10722.851005
-742539.686558,16166,10730.791033
-738246.514245,16166,10738.709621
-720352.567661,16166,10746.612643
-738129.615259,16166,10754.514359
-744224.009593,16166,10762.42743
-806437.431454,16166,10770.336548
-807012.369102,16166,10778.235293
-758413.901439,16166,10786.141405
-864545.44878,16166,10794.043772
-774713.239599,16166,10801.957361
-726943.866919,16166,10809.859365
-765440.250666,16166,10817.787848
-766389.060987,16166,10825.703488
-741144.589964,16166,10833.619274
-779860.095489,16166,10841.522272
-765096.64222,16166,10849.435099
-764001.300914,16166,10857.331613
-787530.519994,16166,10865.235364
-709297.153507,16166,10873.151573
-699697.442763,16166,10881.075751
-695825.446993,16166,10888.969702
-726608.119142,16166,10896.849607
-746294.781953,16166,10904.743859
-700880.362164,16166,10912.632885
-692809.293117,16166,10920.516805
-683990.510488,16166,10928.401029
-704742.444557,16166,10936.283133
-684674.747101,16166,10944.172705
-733183.30138,16166,10952.065487
-762534.952543,16166,10959.947476
-667850.368749,16166,10967.836036
-655507.949627,16166,10975.716171
-703735.381435,16166,10983.619721
-648208.097227,16166,10991.5277
-690036.625041,16166,10999.418719
-637183.48809,16166,11007.321864
-651819.822455,16166,11015.201954
-677918.65264,16166,11023.082282
-705210.609674,16166,11030.969821
-618439.822459,16166,11038.856068
-659992.826054,16166,11046.734223
-600759.019406,16166,11054.625114
-670165.734961,16166,11062.507192
-613756.564478,16166,11070.385767
-576667.341754,16166,11078.258853
-670149.485261,16166,11086.147878
-624126.744374,16166,11094.027804
-572431.815107,16166,11101.921435
-565757.377697,16166,11109.79895
-572713.572162,16166,11117.687147
-565283.406644,16166,11125.559914
-558762.796154,16166,11133.444313
-501404.987215,16166,11141.325734
-557081.645626,16166,11149.231695
-623738.225408,16166,11157.122499
-556200.001414,16166,11165.007057
-521117.587539,16166,11172.887278
-557596.90003,16166,11180.746032
-519097.833627,16166,11188.629534
-524184.884888,16166,11196.509078
-503322.195016,16166,11204.38881
-518820.750896,16166,11212.28138
-515105.373431,16166,11220.162455
-543803.106223,16166,11228.037716
-506896.225522,16166,11235.9193
-554996.141551,16166,11243.89945
-522191.677801,16166,11251.873382
-510898.524128,16166,11259.845805
-554485.679141,16166,11267.891504
-481462.793226,16166,11275.983257
-558488.247928,16166,11283.982673
-527172.067586,16166,11291.893016
-464005.259911,16166,11299.782828
-476144.108777,16166,11307.672922
-473256.701621,16166,11315.571013
-597063.877465,16166,11323.472816
-512998.64984,16166,11331.373929
-458694.014567,16166,11339.261063
-520779.513824,16166,11347.149064
-605151.225231,16166,11355.034544
-514330.367904,16166,11362.906712
-461066.661968,16166,11370.786907
-469236.488073,16166,11378.67877
-452041.810862,16166,11386.569883
-499473.817284,16166,11394.458824
-475185.328028,16166,11402.364736
-431778.683723,16166,11410.251903
-510000.183369,16166,11418.144016
-502369.913016,16166,11426.403041
-432890.034876,16166,11434.321875
-485934.48351,16166,11442.196036
-490341.968151,16166,11450.095789
-489244.288432,16166,11457.994215
-479923.750527,16166,11465.893862
-537893.915777,16166,11473.786426
-471785.199539,16166,11481.675036
-497822.539037,16166,11489.570035
-506131.707751,16166,11497.477854
-437046.73087,16166,11505.376036
-510004.075031,16166,11513.28183
-502518.243236,16166,11521.169706
-470537.116148,16166,11529.057397
-467534.490964,16166,11536.959687
-484799.931561,16166,11544.846795
-496436.191647,16166,11552.746042
-516281.317618,16166,11560.656862
-467309.589972,16166,11568.555881
-478104.677386,16166,11576.442675
-540602.233949,16166,11584.35395
-490202.309495,16166,11592.253372
-549982.251258,16166,11600.177788
-460718.800633,16166,11608.067984
-514929.131393,16166,11615.983516
-464679.567639,16166,11623.880927
-477918.484854,16166,11631.787897
-483074.26305,16166,11639.690566
-516546.103827,16166,11647.618295
-560862.234727,16166,11655.523666
-487325.343435,16166,11663.418494
-502420.280089,16166,11671.338365
-505603.131889,16166,11679.249192
-467957.491797,16166,11687.152505
-551406.414436,16166,11695.056843
-487797.980156,16166,11702.971611
-544959.275569,16166,11710.880823
-555962.398308,16166,11718.793769
-561547.675109,16166,11726.690104
-502035.362026,16166,11734.6038
-554856.439228,16166,11742.516021
-499561.028306,16166,11750.438374
-561747.691543,16166,11758.344814
-538432.895045,16166,11766.251509
-571997.735489,16166,11774.16064
-599329.94335,16166,11782.059813
-563494.720354,16166,11789.953532
-537029.272591,16166,11797.853835
-562238.001442,16166,11805.757599
-564632.022867,16166,11813.6697
-574104.868255,16166,11821.575377
-537574.279929,16166,11829.475506
-697178.238321,16166,11837.376847
-563284.657401,16166,11845.364701
-596485.11609,16166,11853.389277
-664870.787793,16166,11861.466708
-522341.11583,16166,11869.558743
-565955.822709,16166,11877.647126
-537445.967435,16166,11885.691152
-515418.179211,16166,11893.701261
-508145.799733,16166,11901.686072
-570935.153832,16166,11909.681152
-561094.977654,16166,11917.683393
-525564.306224,16166,11925.644937
-498177.366526,16166,11933.607441
-592388.43507,16166,11941.548211
-539243.686043,16166,11949.492102
-520471.535327,16166,11957.438353
-497395.247603,16166,11965.370809
-600234.49112,16166,11973.311813
-620162.796157,16166,11981.237885
-452695.38979,16166,11989.155351
-551116.769225,16166,11997.073721
-534781.58896,16166,12004.969779
-529064.369508,16166,12012.881053
-597191.32261,16166,12020.806856
-533317.631714,16166,12028.744076
-466826.10702,16166,12036.675464
-577225.767587,16166,12044.966656
-505169.764511,16166,12052.892025
-458142.373374,16166,12060.793283
-595008.093272,16166,12068.697843
-420764.078037,16166,12076.595116
-440392.353607,16166,12084.500715
-463213.303356,16166,12092.42549
-476706.865819,16166,12100.342224
-491470.462127,16166,12108.247784
-396128.849716,16166,12116.139994
-477612.776228,16166,12124.047087
-478577.601588,16166,12131.946947
-427588.494947,16166,12139.861771
-544673.435151,16166,12147.763958
-416312.946538,16166,12155.662665
-388238.437867,16166,12163.561418
-404268.316881,16166,12171.449342
-408534.880545,16166,12179.35466
-338670.870166,16166,12187.254644
-356306.809325,16166,12195.15472
-421628.084927,16166,12203.051359
-473071.272171,16166,12210.971239
-439548.399279,16166,12218.88491
-375646.494116,16166,12226.792446
-363183.373692,16166,12234.680354
-334325.979794,16166,12242.563749
-386142.803105,16166,12250.460328
-369251.023116,16166,12258.366793
-356080.222748,16166,12266.275383
-305093.709331,16166,12274.163466
-376510.041548,16166,12282.05759
-345284.07746,16166,12289.943776
-346722.807741,16166,12297.844101
-339443.525654,16166,12305.786794
-320131.20173,16166,12313.801474
-364546.319799,16166,12321.821354
-358545.295556,16166,12329.785902
-332808.579352,16166,12337.686123
-314129.125946,16166,12345.570165
-326208.281555,16166,12353.593393
-357577.406165,16166,12361.534789
-348221.434918,16166,12369.478904
-399510.628623,16166,12377.51151
-346503.880751,16166,12385.579814
-275712.885879,16166,12393.66542
-302961.481552,16166,12401.744346
-317385.674569,16166,12409.79476
-325406.784601,16166,12417.765939
-326758.94017,16166,12425.745152
-332972.98485,16166,12433.766814
-322209.037163,16166,12441.787673
-302400.98621,16166,12449.80028
-314268.406674,16166,12457.791195
-291359.406104,16166,12465.834989
-307691.745421,16166,12473.840756
-323197.405375,16166,12481.820953
-317331.088091,16166,12489.787965
-371388.787051,16166,12497.740237
-315545.897787,16166,12505.677951
-391777.597929,16166,12513.658178
-316903.851907,16166,12521.635133
-350298.199867,16166,12529.582477
-340457.98225,16166,12537.504686
-295896.942298,16166,12545.452588
-323696.683051,16166,12553.384467
-326322.530215,16166,12561.335591
-327478.157673,16166,12569.264388
-296193.989491,16166,12577.180829
-351514.540469,16166,12585.118416
-344314.741142,16166,12593.036155
-356584.630301,16166,12600.964657
-377337.999998,16166,12608.87539
-398537.668717,16166,12616.795913
-370101.984572,16166,12624.733947
-393833.68598,16166,12632.652166
-314662.683379,16166,12640.5825
-336453.281709,16166,12648.49466
-373696.39275,16166,12656.406042
-410070.482502,16166,12664.347498
-392341.758013,16166,12672.264839
-308309.304112,16166,12680.189184
-335565.973708,16166,12688.103826
-335453.694526,16166,12696.01845
-329032.131773,16166,12703.952114
-350239.85584,16166,12711.891025
-336485.637179,16166,12719.812298
-291763.913575,16166,12727.717669
-295698.794726,16166,12735.642837
-317337.427846,16166,12743.563945
-298775.36317,16166,12751.485467
-278568.655101,16166,12759.397834
-288033.266311,16166,12767.309459
-287276.931499,16166,12775.220035
-322239.5843,16166,12783.136652
-291859.844693,16166,12791.061829
-327313.274081,16166,12798.997701
-289285.52165,16166,12806.923129
-305776.269186,16166,12814.856374
-297096.876278,16166,12822.782713
-277740.918567,16166,12830.703355
-293227.173943,16166,12838.625822
-324682.572387,16166,12846.553862
-310295.433151,16166,12854.468389
-306029.048412,16166,12862.398153
-275966.180101,16166,12870.320811
-278363.18516,16166,12878.250398
-269662.575456,16166,12886.167793
-266054.919677,16166,12894.075403
-283228.077507,16166,12902.004183
-295022.295203,16166,12909.929347
-270760.288107,16166,12917.8323
-290773.547996,16166,12925.745472
-259787.725773,16166,12933.65635
-254021.1598,16166,12941.58077
-297763.566458,16166,12949.51227
-273115.507723,16166,12957.55703
-257833.116701,16166,12965.624764
-281173.594972,16166,12974.131623
-269068.902379,16166,12982.191897
-275606.347126,16166,12990.187781
-303594.978856,16166,12998.214318
-268200.986363,16166,13006.238054
-267727.925437,16166,13014.287378
-265862.214695,16166,13022.341095
-255907.043988,16166,13030.375716
-294055.916712,16166,13038.3377
-345010.954693,16166,13046.288074
-331364.565922,16166,13054.257573
-320003.094754,16166,13062.201007
-391510.411963,16166,13070.104356
-378933.471208,16166,13078.000623
-380675.263797,16166,13085.904536
-385572.28168,16166,13093.807051
-345827.734738,16166,13101.712646
-324181.129773,16166,13109.620254
-325103.18464,16166,13117.556046
-280505.712347,16166,13125.489727
-284861.903484,16166,13133.397619
-333401.334071,16166,13141.301145
-304557.536795,16166,13149.203132
-328982.557691,16166,13157.104782
-349327.549681,16166,13165.025289
-330734.619599,16166,13172.942758
-396588.993913,16166,13180.854599
-336251.195287,16166,13188.764186
-370089.436163,16166,13196.672062
-405288.943599,16166,13204.575856
-444907.011828,16166,13212.490826
-537173.014716,16166,13220.386935
-374348.659656,16166,13228.294045
-457983.076356,16166,13236.209728
-378466.54286,16166,13244.11603
-427764.023519,16166,13252.029613
-378996.646872,16166,13259.974278
-414848.163264,16166,13267.879372
-469567.490554,16166,13275.797385
-357753.140089,16166,13283.706796
-409316.423738,16166,13291.619723
-453185.211799,16166,13299.537597
-378240.366896,16166,13307.439104
-460074.828946,16166,13315.351961
-351922.787889,16166,13323.264827
-458617.01439,16166,13331.173753
-398815.784406,16166,13339.098739
-383199.209311,16166,13347.001331
-383204.945737,16166,13354.932706
-423553.067679,16166,13362.971634
-381291.673614,16166,13370.978866
-387557.214308,16166,13378.909532
-382131.282821,16166,13386.820855
-424028.246419,16166,13394.761003
-333832.742192,16166,13402.732199
-351119.103533,16166,13410.689626
-330586.483684,16166,13418.68488
-368397.914644,16166,13426.65406
-348104.750544,16166,13434.629902
-400166.626827,16166,13442.590284
-348595.05758,16166,13450.552885
-402432.770462,16166,13458.489465
-402267.183061,16166,13466.439225
-415838.399502,16166,13474.374789
-357681.9206,16166,13482.318147
-346494.600953,16166,13490.268696
-347605.968261,16166,13498.22488
-299320.48034,16166,13506.179856
-396594.741477,16166,13514.11738
-351570.355216,16166,13522.064688
-373306.882011,16166,13530.025916
-362050.199821,16166,13537.972734
-351725.986436,16166,13545.914314
-390735.282337,16166,13553.851034
-344963.074623,16166,13561.816638
-324290.854124,16166,13569.763155
-330454.21818,16166,13577.67944
-356245.420119,16166,13585.62135
-342126.43673,16166,13593.598854
-368345.740688,16166,13601.584361
-349494.144016,16166,13609.521835
-421691.981355,16166,13617.408871
-412464.635154,16166,13625.294112
-381965.47755,16166,13633.195493
-442121.847872,16166,13641.092595
-373596.108999,16166,13648.984931
-338459.254388,16166,13656.898154
-390469.711087,16166,13664.863823
-333805.238868,16166,13672.78544
-366101.20073,16166,13680.77268
-329066.279365,16166,13688.730381
-389114.107786,16166,13696.646458
-325963.542127,16166,13704.557705
-351484.518346,16166,13712.566187
-388550.929144,16166,13720.591239
-361723.650907,16166,13728.528909
-332439.53467,16166,13736.463943
-308983.092633,16166,13744.404477
-305322.326878,16166,13752.341443
-326309.550125,16166,13760.284755
-347037.229046,16166,13768.228076
-366906.144308,16166,13776.157817
-338541.72635,16166,13784.068001
-367068.126838,16166,13791.952758
-346524.889854,16166,13799.850999
-395964.314396,16166,13807.731889
-309290.229578,16166,13815.619889
-351360.831915,16166,13823.5069
-310859.750192,16166,13831.411042
-331347.46424,16166,13839.312413
-342376.346147,16166,13847.273423
-339573.815915,16166,13855.380745
-304573.733645,16166,13863.36524
-332527.127859,16166,13871.338624
-341323.261528,16166,13879.298633
-324863.67509,16166,13887.256854
-353136.144328,16166,13895.225499
-361135.206938,16166,13903.184614
-333836.147664,16166,13911.126347
-362171.056917,16166,13919.075662
-352692.826014,16166,13927.015494
-336871.865278,16166,13934.966005
-335917.394449,16166,13942.920257
-360062.134161,16166,13950.85687
-319899.704409,16166,13958.807538
-361877.605534,16166,13966.767196
-362632.372058,16166,13974.711194
-334704.891708,16166,13982.644555
-322746.436198,16166,13990.58605
-346391.246068,16166,13998.509486
-372042.987266,16166,14006.424093
-420038.290812,16166,14014.363697
-368706.061916,16166,14022.286026
-427160.254463,16166,14030.228181
-366582.433466,16166,14038.143885
-458945.562501,16166,14046.078208
-303687.324625,16166,14054.031794
-304610.868699,16166,14061.95364
-326623.367193,16166,14069.873447
-305946.646911,16166,14077.850802
-324901.563801,16166,14085.827068
-290672.1488,16166,14093.932004
-282756.594253,16166,14102.005891
-329106.232502,16166,14110.066936
-281086.303869,16166,14118.137469
-309334.158188,16166,14126.18887
-309777.761905,16166,14134.230558
-303891.329275,16166,14142.290002
-322221.144407,16166,14150.338252
-297438.49476,16166,14158.399664
-263371.975089,16166,14166.462183
-292394.728113,16166,14174.780838
-305443.337908,16166,14182.880089
-299768.073138,16166,14190.919802
-297819.946439,16166,14198.91905
-290134.513609,16166,14206.939276
-321377.535106,16166,14214.957397
-312557.484017,16166,14222.969568
-287892.991181,16166,14230.957853
-341810.118268,16166,14238.932119
-300633.797301,16166,14246.875425
-255656.791192,16166,14254.796362
-271360.67969,16166,14262.717692
-284162.676599,16166,14270.642353
-309856.969488,16166,14278.557401
-300267.937343,16166,14286.459602
-366519.515248,16166,14294.384204
-320896.150295,16166,14302.31852
-288372.290208,16166,14310.279159
-295169.150371,16166,14318.21525
-319515.561891,16166,14326.188093
-284285.709829,16166,14334.129783
-312943.064507,16166,14342.080066
-327591.262985,16166,14350.025866
-287970.754812,16166,14357.975523
-276523.992173,16166,14365.944257
-283122.321517,16166,14373.903839
-261711.701359,16166,14381.888334
-301287.193979,16166,14389.929433
-287631.923061,16166,14397.878923
-314709.900535,16166,14405.845516
-284556.296757,16166,14413.805489
-296080.599973,16166,14421.775327
-270794.33399,16166,14429.74422
-268023.885814,16166,14437.716353
-302505.242007,16166,14445.675675
-282876.82751,16166,14453.743639
-310715.381096,16166,14461.724647
-289423.510633,16166,14469.687742
-285308.298944,16166,14477.618136
-268202.291249,16166,14485.601904
-288373.736554,16166,14493.533142
-327880.930752,16166,14501.463496
-277394.377556,16166,14509.389817
-287400.520629,16166,14517.333211
-295663.037236,16166,14525.26059
-341310.046452,16166,14533.19645
-303409.537786,16166,14541.144035
-265556.37404,16166,14549.071216
-305958.785241,16166,14557.005556
-318335.563415,16166,14564.936421
-314664.08737,16166,14572.887179
-292022.080947,16166,14580.825379
-348958.000046,16166,14588.770255
-300679.456444,16166,14596.69617
-325939.564807,16166,14604.626648
-319776.422693,16166,14612.556282
-318341.562883,16166,14620.485781
-293068.559354,16166,14628.420061
-343351.551302,16166,14636.33658
-292107.609585,16166,14644.279788
-319009.28669,16166,14652.209298
-347507.919885,16166,14660.146782
-298035.911593,16166,14668.064116
-322184.594166,16166,14676.087122
-305462.729342,16166,14684.119538
-400775.563401,16166,14692.105825
-320301.485232,16166,14700.322084
-322632.793883,16166,14708.300604
-317188.426795,16166,14716.255179
-317182.115376,16166,14724.188431
-319584.955624,16166,14732.112607
-331998.0635,16166,14740.056972
-338410.716629,16166,14747.998019
-338005.500091,16166,14755.932437
-340765.635417,16166,14763.867141
-337929.112472,16166,14771.791875
-341644.917429,16166,14779.737541
-305716.064199,16166,14787.66877
-371904.399959,16166,14795.595908
-326090.223109,16166,14803.521293
-328518.212708,16166,14811.44986
-308163.551888,16166,14819.384353
-266083.163913,16166,14827.317378
-313557.927179,16166,14835.258336
-323921.599293,16166,14843.201598
-311966.590454,16166,14851.1452
-302869.603131,16166,14859.07477
-294514.196452,16166,14866.995882
-301730.546359,16166,14874.922434
-318382.971824,16166,14882.84706
-292811.437051,16166,14890.773583
-305186.16425,16166,14898.706241
-377654.903638,16166,14906.637089
-303537.324823,16166,14914.550701
-301518.748873,16166,14922.45677
-320318.87674,16166,14930.383618
-303393.801033,16166,14938.299217
-337014.198567,16166,14946.216922
-384731.140509,16166,14954.144614
-375872.925138,16166,14962.063304
-358193.930567,16166,14969.984898
-373225.426313,16166,14977.902047
-375110.286609,16166,14985.801921
-326513.82903,16166,14993.718717
-371126.193855,16166,15001.642284
-297928.133823,16166,15009.562908
-316087.626463,16166,15017.471438
-364753.135118,16166,15025.387288
-320977.396942,16166,15033.293441
-309369.084443,16166,15041.20663
-320068.366495,16166,15049.12327
-289386.324185,16166,15057.03473
-335773.391345,16166,15064.942246
-354881.704485,16166,15072.946599
-283653.554687,16166,15080.983392
-351399.442658,16166,15088.883949
-325528.267972,16166,15096.779686
-336953.829231,16166,15104.737095
-331385.969069,16166,15112.736237
-331634.720973,16166,15120.715562
-325433.239995,16166,15128.715635
-326639.147952,16166,15136.706882
-375366.144036,16166,15144.692006
-342734.939873,16166,15152.688056
-343663.553272,16166,15160.670209
-333990.326818,16166,15168.68431
-356512.534054,16166,15176.665406
-344961.101348,16166,15184.661836
-296967.770709,16166,15192.64611
-303738.86185,16166,15200.572737
-354293.02631,16166,15208.500735
-330983.334262,16166,15216.421501
-338623.214824,16166,15224.363087
-301057.924167,16166,15232.294334
-272450.089004,16166,15240.223064
-306287.52064,16166,15248.143961
-282448.072643,16166,15256.074766
-304873.174778,16166,15264.003321
-332118.193992,16166,15271.933554
-315687.253041,16166,15279.8741
-298155.361436,16166,15287.794425
-348688.87036,16166,15295.766838
-317947.090221,16166,15303.726054
-299465.705847,16166,15311.701476
-356843.620379,16166,15319.647983
-342612.92682,16166,15327.597625
-300837.334575,16166,15335.564441
-345309.252728,16166,15343.539009
-331214.48764,16166,15351.503671
-275536.815813,16166,15359.458405
-303752.841858,16166,15367.393646
-278529.736429,16166,15375.34048
-321700.025425,16166,15383.307108
-341463.712268,16166,15391.248469
-300013.085031,16166,15399.206321
-283678.233383,16166,15407.146168
-263335.851345,16166,15415.08053
-342928.983447,16166,15423.022445
-323410.037111,16166,15430.933094
-269611.504043,16166,15438.845616
-279603.443145,16166,15447.141264
-271857.042749,16166,15455.067971
-308303.489588,16166,15462.995065
-284462.052392,16166,15470.923103
-276097.113296,16166,15478.836222
-260991.087285,16166,15486.74852
-265300.221727,16166,15494.680525
-288322.482842,16166,15502.601036
-282063.859901,16166,15510.529564
-287537.183801,16166,15518.476221
-276012.582593,16166,15526.392672
-271191.168746,16166,15534.33511
-277327.078705,16166,15542.274769
-340915.210905,16166,15550.215745
-272026.499884,16166,15558.146708
-266605.231745,16166,15566.093604
-271795.464364,16166,15574.018925
-299492.005117,16166,15581.971781
-292818.448667,16166,15589.919409
-290397.972012,16166,15597.856989
-276385.110022,16166,15605.802418
-280649.471711,16166,15613.73748
-295797.707723,16166,15621.662745
-306185.634475,16166,15629.606881
-322502.761244,16166,15637.528857
-262248.821322,16166,15645.469033
-312176.701748,16166,15653.386456
-257777.179172,16166,15661.313263
-268469.772442,16166,15669.253042
-306808.980632,16166,15677.207123
-271653.24211,16166,15685.155223
-323626.138314,16166,15693.135005
-301045.94062,16166,15701.220764
-355641.279687,16166,15709.294242
-304892.385716,16166,15717.345398
-298234.959726,16166,15725.371893
-314210.641107,16166,15733.378062
-292749.386363,16166,15741.386508
-304436.886401,16166,15749.39208
-317765.118303,16166,15757.395194
-294182.282104,16166,15765.405349
-326890.674798,16166,15773.403735
-306920.028018,16166,15781.413399
-316030.872592,16166,15789.41289
-309227.750897,16166,15797.4195
-329822.226624,16166,15805.433758
-344608.894577,16166,15813.431998
-348351.186897,16166,15821.423241
-344818.483773,16166,15829.398073
-297373.122335,16166,15837.360066
-315361.091963,16166,15845.3239
-338747.23221,16166,15853.285259
-323655.081051,16166,15861.220015
-302310.8082,16166,15869.136921
-376921.469688,16166,15877.060189
-345348.609535,16166,15884.97993
-383870.569837,16166,15892.884263
-351687.63966,16166,15900.785374
-323016.737476,16166,15908.696469
-334403.431639,16166,15916.589405
-360590.377675,16166,15924.504279
-328796.514895,16166,15932.419448
-374211.775209,16166,15940.328561
-342815.941678,16166,15948.224757
-401838.92168,16166,15956.130459
-352945.777982,16166,15964.052352
-350726.490836,16166,15971.959567
-455805.037577,16166,15979.863288
-380784.338692,16166,15987.764502
-358332.498761,16166,15995.679152
-387769.614896,16166,16003.603513
-424386.797674,16166,16011.520374
-564184.145736,16166,16019.431205
-382221.447534,16166,16027.347372
-398849.724915,16166,16035.247818
-488315.802083,16166,16043.162608
-358933.078563,16166,16051.188479
-351366.079184,16166,16059.111
-350775.602953,16166,16067.006502
-332829.187455,16166,16074.913666
-328481.517322,16166,16082.805828
-369792.092365,16166,16090.71377
-375038.547489,16166,16098.668821
-317442.496047,16166,16106.609366
-386496.42511,16166,16114.640147
-421428.632596,16166,16122.683461
-367204.274269,16166,16130.717408
-386932.637397,16166,16138.755509
-344965.496066,16166,16146.787441
-348035.777754,16166,16154.817494
-345621.349866,16166,16162.850363
-350539.081381,16166,16170.872068
-366972.233152,16166,16178.896673
-373486.139209,16166,16186.921357
-346858.782855,16166,16194.949025
-305440.508636,16166,16202.977873
-325075.592693,16166,16211.007016
-381638.159361,16166,16219.03202
-470940.816524,16166,16227.046612
-365434.002667,16166,16235.071266
-360795.596176,16166,16243.106001
-390711.669049,16166,16251.131168
-368839.659461,16166,16259.085243
-412585.063049,16166,16267.014112
-399911.573287,16166,16274.92885
-372020.573146,16166,16282.856587
-361849.413603,16166,16290.76686
-342193.844016,16166,16298.685449
-343908.767752,16166,16306.587345
-343751.906509,16166,16314.494366
-384748.082388,16166,16322.400475
-481254.450915,16166,16330.310903
-446531.504016,16166,16338.220391
-399496.017787,16166,16346.108917
-347777.652363,16166,16354.023479
-384720.297963,16166,16361.943626
-445142.242137,16166,16369.86449
-350694.048412,16166,16377.793176
-438052.104228,16166,16385.699007
-415576.397291,16166,16393.612311
-389548.844133,16166,16401.534851
-446524.273686,16166,16409.821073
-519160.832412,16166,16417.739579
-640889.516199,16166,16425.662092
-560390.779824,16166,16433.593446
-483333.16012,16166,16441.546288
-441736.16087,16166,16449.474206
-486525.954239,16166,16457.40132
-492769.687746,16166,16465.336144
-565701.149063,16166,16473.275534
-450797.687657,16166,16481.207484
-430066.575578,16166,16489.140929
-544833.659096,16166,16497.071057
-423972.54978,16166,16504.998941
-636763.045141,16166,16512.918456
-774567.868842,16166,16520.82926
-496861.228339,16166,16528.76006
-459947.841993,16166,16536.683591
-459582.971079,16166,16544.621047
-399864.407449,16166,16552.542896
-438454.924138,16166,16560.473041
-382244.36646,16166,16568.388346
-312252.606076,16166,16576.287552
-396387.845589,16166,16584.206779
-384313.56041,16166,16592.119817
-407883.43808,16166,16600.032369
-430806.284931,16166,16607.943459
-420233.883119,16166,16615.872625
-482463.071557,16166,16623.778331
-528116.785384,16166,16631.679665
-561037.958238,16166,16639.589343
-430256.959795,16166,16647.490563
-498419.979095,16166,16655.393882
-414082.121978,16166,16663.297317
-458659.155641,16166,16671.205431
-506118.029631,16166,16679.104771
-487766.797741,16166,16687.008158
-458514.445128,16166,16694.913379
-435066.259427,16166,16702.891596
-346123.161819,16166,16710.948595
-439570.05294,16166,16719.001467
