#{"t_start": 1747453922.3865032, "env_id": "BuildingEnv"}
r,l,t
-284727.854704,16166,5.320641
-100503.204644,16166,13.200567
-193157.947927,16166,19.361972
-268230.195664,16166,26.118077
-81509.647422,16166,34.466786
-313967.919861,16166,42.857486
-217650.190354,16166,48.048565
-230708.84864,16166,53.727002
-246346.889747,16166,59.931048
-175635.922501,16166,65.874846
-187202.618409,16166,71.002871
-262818.069486,16166,77.210804
-218383.605442,16166,83.045844
-186827.213552,16166,90.071797
-161893.074336,16166,95.186647
-267844.414697,16166,101.587705
-161925.936385,16166,108.051099
-147728.767916,16166,114.452998
-161571.150485,16166,121.097176
-131683.962381,16166,126.264816
-194658.118359,16166,131.451728
-191323.343052,16166,137.2791
-172052.494823,16166,142.459623
-162982.755135,16166,148.273677
-222606.664426,16166,153.423823
-274056.859196,16166,158.596245
-214410.815609,16166,163.912814
-244434.986941,16166,170.87716
-194282.857282,16166,176.427754
-198482.508866,16166,182.702152
-208728.86159,16166,189.56976
-151284.054364,16166,194.734449
-224258.613159,16166,200.510477
-239949.443766,16166,206.255857
-243428.96804,16166,213.340001
-166571.297347,16166,220.249967
-164478.369392,16166,225.395684
-227945.133036,16166,231.400755
-191477.20544,16166,237.215619
-131647.335359,16166,242.387783
-191337.113587,16166,249.427328
-224307.418687,16166,256.399561
-222971.026483,16166,261.544786
-174562.583708,16166,266.702921
-202091.263782,16166,271.859443
-161490.869136,16166,277.028746
-187434.74577,16166,281.899495
-165617.53395,16166,287.778139
-170662.128884,16166,293.656576
-137820.949627,16166,301.884506
-176050.991349,16166,307.616653
-170346.534257,16166,313.880626
-162223.40928,16166,323.241259
-641965.831191,16166,328.435611
-463712.039899,16166,334.239412
-238179.568516,16166,342.472001
-100813.684628,16166,348.549824
-355737.737204,16166,355.433165
-174659.377811,16166,362.904845
-154684.171182,16166,369.083778
-156159.980797,16166,377.807948
-167002.659508,16166,384.415702
-249614.402256,16166,390.717617
-281438.887524,16166,396.227391
-110095.291918,16166,401.170334
-125957.918708,16166,405.83881
-214212.098105,16166,410.911884
-146072.63882,16166,417.789867
-134204.869555,16166,423.425476
-141695.711381,16166,428.956326
-149976.039603,16166,435.166265
-146530.414693,16166,440.839002
-154849.508212,16166,445.894013
-100375.562696,16166,451.014153
-115133.690469,16166,459.16659
-149799.74315,16166,468.321588
-210337.919177,16166,473.459769
-204028.848765,16166,479.853574
-160844.836075,16166,486.27931
-194005.24097,16166,492.15915
-140796.34876,16166,499.86467
-228913.74997,16166,506.403033
-128672.023576,16166,515.431681
-165636.486041,16166,523.890491
-217239.268645,16166,528.752485
-124232.865709,16166,537.156874
-179229.019233,16166,542.40816
-190159.307742,16166,547.639844
-358917.996998,16166,553.839969
-238377.635367,16166,560.163328
-233119.588364,16166,567.685246
-154048.381516,16166,574.564712
-189985.899485,16166,583.308968
-164676.339437,16166,589.329192
-132610.487507,16166,594.350466
-123340.608259,16166,601.83095
-193319.463354,16166,606.821734
-182413.055183,16166,613.643436
-143032.587444,16166,619.41888
-195980.811014,16166,624.456228
-166115.136553,16166,630.138327
-124203.898513,16166,635.212993
-163448.278027,16166,640.291947
-223959.986546,16166,645.140048
-331717.369963,16166,650.254618
-213499.043438,16166,655.337443
-203925.862591,16166,660.397076
-138712.276794,16166,665.477175
-196787.869272,16166,671.625705
-100077.150274,16166,676.581128
-125727.439834,16166,681.52482
-179605.269293,16166,686.489536
-146992.589379,16166,691.166259
-159579.45702,16166,696.110112
-151952.466169,16166,702.320961
-203143.794839,16166,711.05586
-164224.682772,16166,717.173283
-185274.053232,16166,722.266298
-125107.298496,16166,727.341177
-144667.002929,16166,733.631778
-224550.67555,16166,743.090415
-127543.15071,16166,750.699908
-192985.051343,16166,756.701094
-160972.6093,16166,763.01299
-143596.129907,16166,768.021843
-199364.044633,16166,773.04718
-147904.991352,16166,778.0943
-216285.863491,16166,783.749697
-131138.976599,16166,790.114954
-100292.15459,16166,795.777448
-146208.808259,16166,802.133719
-143646.25548,16166,807.536639
-147289.839621,16166,817.185432
-102880.124514,16166,822.201765
-114463.385327,16166,827.192349
-115185.333953,16166,832.271083
-159700.433782,16166,837.995381
-129537.883229,16166,843.051892
-128505.365043,16166,848.714537
-146867.13915,16166,854.406113
-206473.866096,16166,862.520189
-221064.994035,16166,868.850219
-136677.328612,16166,873.815622
-130991.474332,16166,878.819593
-156125.652746,16166,883.817441
-138526.953213,16166,893.427925
-241489.611791,16166,898.540571
-120191.320374,16166,903.662894
-114194.093346,16166,908.770436
-162873.47609,16166,916.59893
-116029.597614,16166,922.098115
-179226.405809,16166,928.531756
-194610.231466,16166,933.594203
-195323.010897,16166,942.021147
-165072.67594,16166,949.817291
-150304.4011,16166,956.271602
-129515.711815,16166,963.339227
-176072.637457,16166,968.360939
-284832.493452,16166,974.101271
-234492.72259,16166,978.768212
-279503.609634,16166,986.785119
-169051.831462,16166,993.654206
-217443.072169,16166,999.386427
-179189.198231,16166,1006.213957
-163125.165291,16166,1015.528313
-181473.52605,16166,1025.499874
-144591.088223,16166,1032.953771
-165667.381539,16166,1039.186068
-144945.063645,16166,1047.336456
-124497.039671,16166,1052.067733
-117880.82657,16166,1057.113032
-178847.034997,16166,1063.427145
-146070.158383,16166,1070.961376
-186408.355524,16166,1076.011611
-110026.034705,16166,1081.710133
-150950.022336,16166,1091.184956
-116091.048277,16166,1099.572107
-186995.495629,16166,1104.545295
-118602.083368,16166,1109.958798
-126010.180273,16166,1114.99684
-112630.898668,16166,1120.047111
-116361.242112,16166,1125.074912
-83014.797557,16166,1130.109975
-106353.217122,16166,1137.193457
-107707.664656,16166,1144.303613
-72402.980172,16166,1150.639703
-54111.485942,16166,1157.096396
-77861.505941,16166,1162.557372
-50663.101606,16166,1167.646828
-43443.716763,16166,1174.10787
-79143.242368,16166,1179.793768
-126339.591454,16166,1184.861889
-190173.923588,16166,1189.940558
-97131.358487,16166,1196.272136
-121371.914466,16166,1201.301557
-201542.461731,16166,1209.031998
-223327.843216,16166,1214.073152
-131546.656623,16166,1218.733639
-97982.761029,16166,1226.355518
-134126.952643,16166,1233.867142
-100329.312602,16166,1240.769829
-80883.332941,16166,1247.637705
-90000.221803,16166,1254.544266
-91045.980547,16166,1259.494427
-131638.19678,16166,1264.436204
-146273.539294,16166,1269.387737
-100957.375878,16166,1274.704387
-98236.160376,16166,1281.623151
-157255.7538,16166,1286.892278
-160474.350061,16166,1293.402591
-136157.909304,16166,1298.641465
-258693.004536,16166,1303.843559
-210206.354174,16166,1309.684277
-155991.991152,16166,1316.876959
-159018.959325,16166,1325.893506
-91722.054112,16166,1331.705307
-58887.42455,16166,1337.167087
-49150.134619,16166,1344.950546
-86531.842367,16166,1352.700022
-58426.523329,16166,1357.799523
-46638.130292,16166,1362.928237
-81406.023734,16166,1368.006071
-35710.556431,16166,1373.082524
-46115.065868,16166,1378.156238
-83778.548119,16166,1383.229678
-44737.787688,16166,1388.654893
-30504.034021,16166,1394.482835
-45936.38252,16166,1402.965976
-18152.905281,16166,1412.660594
-49852.897761,16166,1417.803904
-50247.47679,16166,1424.870677
-28361.195691,16166,1433.307575
-34428.792806,16166,1438.402304
-30032.110407,16166,1444.178357
-38466.225056,16166,1452.932827
-67144.534232,16166,1460.056552
-26701.010082,16166,1465.146049
-63280.918154,16166,1470.275596
-31624.885,16166,1476.814914
-16840.301375,16166,1487.25074
-28515.205557,16166,1497.230052
-24190.185466,16166,1503.075348
-20227.585957,16166,1508.154191
-34401.991761,16166,1513.248945
-37536.647913,16166,1518.085569
-21024.728282,16166,1523.159438
-24007.751381,16166,1528.209313
-37472.114761,16166,1536.032819
-29349.489258,16166,1541.113418
-26407.69207,16166,1546.180221
-22853.809075,16166,1555.301759
-11978.124341,16166,1560.379119
-15204.608535,16166,1565.471862
-36997.272529,16166,1573.53364
-22998.395201,16166,1581.898793
-41002.660898,16166,1588.934171
-41771.851688,16166,1596.000819
-33169.782018,16166,1600.997616
-17102.805729,16166,1605.986646
-13072.034076,16166,1610.990003
-10863.813343,16166,1615.993545
-9343.451618,16166,1621.032425
-13503.433029,16166,1626.023704
-7443.120607,16166,1632.758899
-9670.125819,16166,1638.438416
-8116.531792,16166,1645.495363
-12646.167038,16166,1655.257081
-5798.824753,16166,1660.22265
-9187.466447,16166,1667.95246
-12191.173258,16166,1676.36532
-5344.785895,16166,1685.492056
-5845.484435,16166,1692.041508
-5658.462535,16166,1699.529078
-4335.263825,16166,1706.681284
-4434.630878,16166,1717.146138
-13540.747153,16166,1726.215262
-6107.573098,16166,1733.992545
-2784.999161,16166,1738.999892
-6859.35909,16166,1744.012571
-9612.916319,16166,1753.135861
-9430.612053,16166,1758.144257
-2869.581615,16166,1762.859124
-8377.900737,16166,1767.864398
-6166.642503,16166,1772.845357
-9557.316459,16166,1778.527295
-12544.438679,16166,1783.63794
-10164.214442,16166,1790.043483
-2409.020045,16166,1797.836869
-7189.270122,16166,1803.524409
-16516.951599,16166,1810.649674
-17704.451218,16166,1817.722049
-14605.068292,16166,1825.870848
-5606.563066,16166,1834.285214
-8375.890738,16166,1842.738195
-8915.557429,16166,1850.423988
-3202.254757,16166,1858.234837
-4932.396612,16166,1865.358517
-3747.11622,16166,1873.09291
-2348.900187,16166,1880.245993
-2703.951691,16166,1890.55144
-3095.859766,16166,1900.095157
-2158.543805,16166,1906.479332
-2422.566945,16166,1911.479809
-1847.564952,16166,1918.539402
-1365.833858,16166,1928.275635
-2367.073965,16166,1937.448499
-1726.30275,16166,1946.43286
-1454.339635,16166,1956.767818
-4245.01693,16166,1967.172364
-3420.987069,16166,1976.244664
-1646.409496,16166,1985.800826
-2170.317981,16166,1996.340337
-2148.79336,16166,2006.784147
-2023.612852,16166,2013.887933
-2028.331102,16166,2018.900116
-1489.049393,16166,2025.925958
-1525.411922,16166,2032.981324
-4486.431061,16166,2042.762756
-2732.07738,16166,2050.515973
-1384.196962,16166,2055.241163
-4626.266889,16166,2061.688549
-2661.200943,16166,2071.438076
-2406.656057,16166,2077.198427
-2538.098916,16166,2082.978187
-1385.895282,16166,2088.844969
-1341.060986,16166,2093.925175
-2077.921302,16166,2099.004756
-1117.173928,16166,2105.458087
-2498.42535,16166,2112.878491
-6590.14449,16166,2117.861519
-3369.815166,16166,2122.845461
-3306.05401,16166,2127.822525
-5013.089076,16166,2132.828391
-3123.590002,16166,2137.821494
-983.10485,16166,2143.503867
-3838.65609,16166,2149.274735
-1125.641457,16166,2155.69162
-2486.12913,16166,2162.174524
-947.683901,16166,2166.871431
-1656.858684,16166,2172.558616
-942.204614,16166,2180.885403
-2289.13831,16166,2185.901822
-1471.817333,16166,2190.888851
-1528.334433,16166,2197.804493
-1934.257351,16166,2205.511311
-760.729631,16166,2214.662754
-1340.556376,16166,2222.436168
-1093.400744,16166,2227.89067
-1304.032789,16166,2236.342901
-1516.300273,16166,2244.842421
-1503.1182,16166,2251.180026
-1403.232826,16166,2256.891208
-708.560829,16166,2262.608292
-2852.798923,16166,2267.639262
-2625.016711,16166,2272.650317
-1653.742798,16166,2279.761157
-2591.803536,16166,2288.63118
-1659.268883,16166,2294.315919
-3439.071835,16166,2302.710146
-1606.537304,16166,2307.719445
-1727.585083,16166,2312.769335
-1499.914451,16166,2319.796519
-753.253294,16166,2325.484221
-1352.265575,16166,2331.222165
-1311.409868,16166,2338.200047
-2236.99317,16166,2345.198365
-2016.242131,16166,2351.296162
-1780.61265,16166,2359.000893
-1135.922153,16166,2364.803997
-1017.055126,16166,2370.552253
-1533.703656,16166,2375.576152
-2120.68622,16166,2380.624013
-1428.108389,16166,2385.680641
-1641.964657,16166,2392.107688
-1280.880731,16166,2398.499092
-1368.37343,16166,2405.276083
-2437.060531,16166,2412.386626
-5676.902732,16166,2417.436826
-954.324506,16166,2422.486472
-1355.557067,16166,2431.489115
-1777.828513,16166,2436.535442
-1094.791864,16166,2443.553498
-1000.925883,16166,2453.308674
-807.506271,16166,2459.749232
-1323.62993,16166,2464.801967
-1524.905034,16166,2473.516643
-978.337696,16166,2479.21537
-1126.553186,16166,2484.275726
-839.370433,16166,2490.638522
-1051.943216,16166,2497.687243
-1400.990111,16166,2505.458383
-1064.856724,16166,2511.128116
-1805.735985,16166,2516.114892
-844.815552,16166,2523.176027
-1973.84434,16166,2527.900438
-893.33469,16166,2532.931242
-1078.373782,16166,2540.058637
-1512.862825,16166,2545.171232
-998.413375,16166,2550.248437
-789.58618,16166,2556.677496
-580.610403,16166,2561.740695
-773.37391,16166,2566.763156
-776.839093,16166,2571.774188
-660.804772,16166,2579.254593
-581.560216,16166,2586.013469
-684.307953,16166,2591.125463
-2370.953088,16166,2596.191426
-2042.420014,16166,2601.342341
-972.843848,16166,2607.041112
-1080.581515,16166,2614.821392
-1006.295488,16166,2619.886767
-833.802521,16166,2627.649651
-2224.374636,16166,2635.429126
-1007.300211,16166,2642.191456
-940.981316,16166,2651.324194
-477.794767,16166,2661.175148
-939.033026,16166,2669.627672
-672.382855,16166,2677.343788
-563.518308,16166,2684.448098
-877.463482,16166,2691.561515
-1227.407981,16166,2701.268469
-1895.261667,16166,2706.453341
-2574.425411,16166,2711.414424
-536.187208,16166,2717.18466
-945.16424,16166,2724.941245
-1064.002078,16166,2732.775028
-507.501998,16166,2741.248057
-990.813547,16166,2749.666821
-788.87385,16166,2756.726584
-942.414409,16166,2761.879309
-766.295793,16166,2769.002803
-1095.267078,16166,2774.137836
-766.958004,16166,2782.326113
-764.303193,16166,2787.423752
-2163.972723,16166,2797.964817
-1029.094937,16166,2803.853453
-833.878165,16166,2810.341681
-734.143196,16166,2820.863338
-4067.791498,16166,2831.450836
-3467.516789,16166,2839.963306
-591.461811,16166,2850.461868
-392.429004,16166,2859.240196
-277.283584,16166,2867.688263
-573.037583,16166,2878.198829
-756.841239,16166,2885.424659
-3655.653316,16166,2891.961165
-763.921744,16166,2898.385617
-680.2584,16166,2904.78704
-308.66132,16166,2911.82611
-513.814045,16166,2917.541827
-404.735573,16166,2925.034127
-2070.981816,16166,2934.091031
-3897.360204,16166,2943.815712
-1005.601981,16166,2950.190384
-670.41597,16166,2955.973831
-380.746158,16166,2964.430687
-363.508531,16166,2969.496998
-562.246863,16166,2975.925691
-349.942108,16166,2983.705867
-925.180645,16166,2988.830706
-695.837854,16166,2993.630862
-363.781522,16166,2998.828383
-450.116754,16166,3004.680145
-951.380258,16166,3014.492168
-1342.957758,16166,3020.99843
-3771.507015,16166,3028.161848
-724.908867,16166,3033.333468
-497.02899,16166,3038.515528
-1137.159867,16166,3044.344683
-448.299709,16166,3049.170395
-445.482895,16166,3054.264037
-245.823129,16166,3059.419624
-330.654721,16166,3067.90399
-373.741077,16166,3072.956676
-471.321616,16166,3079.371837
-561.384175,16166,3085.825833
-433.559812,16166,3094.877924
-499.724559,16166,3100.789187
-457.56897,16166,3107.863058
-463.893926,16166,3114.585263
-1184.375448,16166,3120.954595
-309.634405,16166,3128.758497
-553.076311,16166,3139.228627
-685.308688,16166,3145.715717
-527.678414,16166,3152.09404
-731.565372,16166,3161.757674
-730.112655,16166,3168.167648
-496.387915,16166,3178.553854
-430.402215,16166,3184.023837
-808.313681,16166,3191.11491
-438.974498,16166,3196.279294
-250.013992,16166,3201.360516
-369.732629,16166,3207.722481
-227.785328,16166,3214.798785
-507.819743,16166,3220.496675
-332.113657,16166,3226.885298
-606.10872,16166,3235.992988
-448.976373,16166,3240.684699
-382.661592,16166,3247.759246
-376.796645,16166,3253.494678
-271.270773,16166,3259.915484
-337.120859,16166,3265.067598
-329.203387,16166,3270.934517
-380.168829,16166,3276.74543
-463.57321,16166,3283.643817
-602.07373,16166,3288.698188
-738.87867,16166,3297.749219
-849.972099,16166,3303.141955
-629.454898,16166,3308.821515
-574.12573,16166,3315.182234
-480.661355,16166,3323.010662
-488.33057,16166,3327.991936
-736.011949,16166,3333.740007
-1640.210897,16166,3341.437372
-1085.948854,16166,3350.582323
-767.397916,16166,3360.917632
-585.150818,16166,3369.081035
-393.082512,16166,3374.914649
-982.248103,16166,3384.65737
-617.772865,16166,3389.789646
-1916.98112,16166,3395.496316
-454.35081,16166,3400.482962
-598.634391,16166,3406.222825
-399.134631,16166,3413.355117
-548.501713,16166,3419.781735
-509.303931,16166,3426.225689
-306.457124,16166,3431.769194
-747.688037,16166,3436.854218
-412.215782,16166,3442.621607
-692.965494,16166,3449.078243
-475.874623,16166,3454.82772
-438.54433,16166,3461.266316
-371.10778,16166,3466.36069
-395.213186,16166,3471.46501
-449.757917,16166,3476.547801
-436.41371,16166,3482.063567
-635.05849,16166,3487.136595
-835.135903,16166,3496.345166
-615.266025,16166,3506.213697
-2505.176671,16166,3512.026607
-746.956648,16166,3518.540989
-629.489338,16166,3523.651989
-380.358605,16166,3529.429782
-742.796057,16166,3534.533588
-647.246458,16166,3539.355169
-1510.874392,16166,3547.180644
-1546.174945,16166,3554.900223
-499.506694,16166,3559.988448
-317.171356,16166,3567.101741
-265.647248,16166,3572.142897
-403.223247,16166,3577.275635
-547.799884,16166,3582.402703
-370.871848,16166,3588.899661
-321.958493,16166,3593.955026
-337.776243,16166,3602.160345
-274.018046,16166,3607.177406
-807.520104,16166,3613.558338
-371.459669,16166,3618.581228
-314.118405,16166,3623.579349
-460.293349,16166,3628.57086
-583.824365,16166,3633.541605
-969.660449,16166,3639.205893
-338.237803,16166,3645.578269
-934.347834,16166,3651.651596
-415.042458,16166,3660.110695
-1341.560237,16166,3666.498381
-2421.305662,16166,3671.476626
-1699.073593,16166,3676.535308
-604.745765,16166,3682.250839
-834.326765,16166,3687.926605
-369.524556,16166,3694.195941
-386.235636,16166,3699.188891
-391.258555,16166,3705.578243
-485.944657,16166,3710.301301
-1200.880503,16166,3715.28917
-525.0708,16166,3721.639536
-253.228627,16166,3728.004749
-355.655722,16166,3732.98534
-332.634992,16166,3739.356706
-329.628276,16166,3747.063596
-547.528553,16166,3752.055614
-370.501918,16166,3758.395355
-270.037058,16166,3763.78503
-344.748971,16166,3773.529557
-526.83141,16166,3781.176836
-282.148569,16166,3790.85519
-338.13681,16166,3796.506501
-232.583209,16166,3803.558663
-473.470431,16166,3810.000214
-286.489164,16166,3817.697173
-608.465264,16166,3824.77066
-293.102208,16166,3832.168841
-281.63691,16166,3839.888092
-731.961902,16166,3845.601533
-231.014695,16166,3851.267651
-455.542696,16166,3856.247731
-852.814837,16166,3863.328839
-244.608381,16166,3868.329594
-391.865443,16166,3877.981133
-158.03975,16166,3883.783943
-183.242956,16166,3888.890684
-235.398574,16166,3893.705448
-149.759351,16166,3901.494881
-195.972591,16166,3911.301884
-386.013881,16166,3917.06994
-489.052204,16166,3924.801015
-332.552548,16166,3929.897551
-297.858501,16166,3934.990159
-618.847668,16166,3942.14367
-222.053198,16166,3949.255612
-420.981927,16166,3954.054818
-693.222055,16166,3959.271952
-643.218969,16166,3964.990787
-560.443652,16166,3969.986712
-510.849998,16166,3977.784452
-433.891398,16166,3984.935005
-223.612295,16166,3990.04051
-485.249159,16166,3995.104691
-313.867236,16166,4000.204417
-513.595626,16166,4005.964334
-290.113814,16166,4011.456997
-481.582908,16166,4019.181684
-240.043285,16166,4025.551858
-259.011261,16166,4030.533672
-336.97964,16166,4037.654474
-545.686884,16166,4044.69697
-596.743469,16166,4055.085259
-309.577503,16166,4064.846448
-185.869578,16166,4072.675401
-380.298759,16166,4080.868945
-185.532554,16166,4087.363871
-260.845315,16166,4095.22746
-195.275913,16166,4103.151293
-298.510219,16166,4111.653011
-309.651822,16166,4118.033248
-250.786409,16166,4123.067902
-270.287828,16166,4132.915339
-226.253525,16166,4138.087961
-215.038085,16166,4145.550608
-278.789983,16166,4151.374888
-348.064696,16166,4156.454257
-196.929284,16166,4162.932356
-449.701468,16166,4170.029898
-220.035452,16166,4177.106013
-173.803792,16166,4182.816285
-168.380809,16166,4188.646477
-232.477788,16166,4194.447201
-209.242844,16166,4200.182908
-273.973066,16166,4207.118742
-304.37739,16166,4213.598676
-241.607911,16166,4220.077332
-217.624855,16166,4227.083292
-214.413309,16166,4232.205862
-163.929406,16166,4237.217828
-187.86164,16166,4242.356188
-296.494433,16166,4250.83342
-304.171522,16166,4260.628265
-252.805424,16166,4265.447944
-137.101111,16166,4273.256563
-191.979636,16166,4282.435661
-256.145844,16166,4288.959692
-192.893825,16166,4294.114066
-325.783085,16166,4300.610723
-158.56247,16166,4305.769305
-323.485728,16166,4311.036036
-204.224821,16166,4316.854164
-347.329714,16166,4322.052252
-190.95962,16166,4328.273305
-217.903655,16166,4335.543808
-224.109989,16166,4341.916937
-115.702202,16166,4348.394451
-123.229796,16166,4354.869926
-183.286445,16166,4360.593472
-124.736122,16166,4367.032163
-123.755211,16166,4372.800537
-110.049915,16166,4378.670017
-123.074963,16166,4384.212898
-303.40006,16166,4390.072636
-915.681749,16166,4397.999984
-341.5197,16166,4403.24938
-276.248319,16166,4409.012301
-187.240061,16166,4414.200577
-246.695153,16166,4420.637175
-179.574673,16166,4425.807027
-506.199045,16166,4431.019762
-281.60859,16166,4436.523241
-464.641403,16166,4445.046613
-201.109165,16166,4451.550637
-150.6465,16166,4462.072518
-135.819022,16166,4470.570572
-168.668158,16166,4477.012805
-274.366893,16166,4484.879176
-637.311834,16166,4492.680923
-767.468423,16166,4499.158609
-328.803206,16166,4507.762483
-175.796006,16166,4514.058779
-227.855007,16166,4521.169949
-347.579279,16166,4526.353617
-224.639794,16166,4534.270029
-186.979132,16166,4539.326705
-243.568692,16166,4546.502146
-392.953474,16166,4554.282762
-730.09348,16166,4561.379799
-523.679319,16166,4567.862214
-204.518456,16166,4574.59769
-192.05474,16166,4579.735999
-168.262822,16166,4584.823443
-175.011752,16166,4589.811316
-259.244812,16166,4596.860197
-209.388385,16166,4605.268698
-236.715591,16166,4610.398855
-235.988812,16166,4615.501958
-1254.349701,16166,4621.925022
-721.656287,16166,4626.750767
-718.054979,16166,4631.891501
-583.654253,16166,4637.000378
-526.354728,16166,4642.794811
-595.437862,16166,4647.884197
-282.730485,16166,4654.348027
-350.390381,16166,4662.855007
-253.346796,16166,4669.351382
-232.489505,16166,4675.905703
-708.773811,16166,4681.837942
-320.212858,16166,4686.729993
-313.808367,16166,4692.516203
-783.079346,16166,4698.054657
-618.071281,16166,4703.157343
-353.866253,16166,4712.363945
-232.3497,16166,4717.463897
-197.817891,16166,4726.561586
-322.19111,16166,4732.459007
-162.311051,16166,4739.011719
-179.562749,16166,4743.99746
-282.559978,16166,4750.518883
-249.78346,16166,4757.702555
-309.305081,16166,4763.641864
-754.339971,16166,4770.837891
-446.578084,16166,4777.999204
-192.596467,16166,4784.142303
-407.92508,16166,4789.352029
-209.533289,16166,4797.231912
-474.630698,16166,4802.465335
-1096.582211,16166,4809.363036
-377.608756,16166,4815.994889
-151.849892,16166,4823.819357
-185.284336,16166,4830.387617
-177.748356,16166,4835.746417
-237.707487,16166,4842.352328
-318.810233,16166,4850.239734
-261.733209,16166,4858.118276
-484.21076,16166,4864.129434
-282.446419,16166,4870.096542
-268.014802,16166,4875.951007
-231.307964,16166,4883.713204
-267.255571,16166,4889.481378
-197.796248,16166,4895.207707
-233.253015,16166,4902.44622
-278.430757,16166,4908.922838
-296.021373,16166,4915.468191
-402.178336,16166,4920.659764
-525.308327,16166,4925.458518
-177.841152,16166,4930.489
-257.139868,16166,4938.937626
-424.580279,16166,4943.930611
-268.298085,16166,4949.809323
-262.466353,16166,4954.900213
-205.131025,16166,4961.258932
-352.9822,16166,4966.339025
-284.771363,16166,4974.142596
-489.670507,16166,4979.281967
-774.074537,16166,4985.442029
-167.93997,16166,4993.239342
-450.200558,16166,5001.099421
-283.934134,16166,5007.652544
-197.491449,16166,5016.068004
-285.989921,16166,5023.902279
-281.496234,16166,5030.476556
-178.880153,16166,5036.219444
-619.02438,16166,5041.922319
-986.038667,16166,5048.060114
-850.213582,16166,5053.251785
-586.407992,16166,5059.685052
-240.340917,16166,5068.229924
-581.40874,16166,5075.418229
-888.042264,16166,5080.411479
-507.471268,16166,5086.981382
-200.974636,16166,5092.039653
-702.016182,16166,5101.188843
-733.453558,16166,5107.741452
-753.419129,16166,5112.65621
-532.917313,16166,5119.088038
-733.921664,16166,5126.234026
-213.512091,16166,5131.348974
-285.009233,16166,5137.142648
-190.971093,16166,5142.307411
-261.643914,16166,5147.340003
-287.782564,16166,5154.443964
-309.868531,16166,5162.215939
-268.285107,16166,5167.675429
-249.760193,16166,5173.380563
-168.936264,16166,5179.186936
-162.135329,16166,5184.246829
-728.400407,16166,5189.260162
-173.703189,16166,5194.280704
-282.580773,16166,5200.079345
-162.457388,16166,5207.166547
-206.64227,16166,5212.167523
-236.234048,16166,5217.635473
-251.570276,16166,5223.294551
-226.80635,16166,5228.292956
-164.523387,16166,5235.343308
-161.846112,16166,5242.482102
-453.413071,16166,5249.543151
-327.103525,16166,5254.547984
-196.279969,16166,5259.550407
-195.11973,16166,5264.557933
-187.089123,16166,5270.971758
-233.758956,16166,5277.192784
-273.155249,16166,5283.055874
-241.278795,16166,5289.566765
-238.126792,16166,5299.319665
-430.593328,16166,5308.445525
-228.67212,16166,5318.277462
-207.097585,16166,5326.782618
-146.343087,16166,5333.942239
-183.260551,16166,5339.124081
-341.270974,16166,5344.405018
-141.66945,16166,5351.63533
-594.293671,16166,5356.766192
-390.53623,16166,5362.653014
-209.915375,16166,5369.211252
-143.929747,16166,5374.332281
-262.651642,16166,5379.405169
-449.270132,16166,5386.629224
-312.395522,16166,5391.742101
-235.726654,16166,5398.244584
-189.411663,16166,5403.14254
-516.72673,16166,5408.959759
-234.619827,16166,5414.74175
-257.68362,16166,5419.799919
-162.923915,16166,5424.874511
-210.796131,16166,5431.425372
-275.753533,16166,5437.892802
-216.534605,16166,5442.966122
-227.656075,16166,5449.417485
-521.842666,16166,5454.229807
-279.813502,16166,5460.703657
-181.740512,16166,5466.536356
-323.924535,16166,5471.735141
-781.110441,16166,5476.866627
-729.532663,16166,5481.946514
-685.103999,16166,5487.724583
-185.851131,16166,5493.498472
-601.641103,16166,5499.27514
-1128.511124,16166,5505.396783
-301.824662,16166,5510.526787
-240.493851,16166,5516.292499
-234.257101,16166,5521.344373
-149.529228,16166,5527.795356
-219.525507,16166,5536.336022
-285.400634,16166,5542.20541
-223.393516,16166,5549.433462
-539.489688,16166,5554.617939
-281.505295,16166,5560.481482
-340.003759,16166,5567.908485
-151.39833,16166,5575.122505
-164.116294,16166,5580.275863
-253.576604,16166,5586.133394
-171.212483,16166,5591.331446
-553.614735,16166,5598.513386
-292.517546,16166,5604.376354
-369.348938,16166,5610.169908
-257.430678,16166,5615.935509
-435.349749,16166,5621.425613
-239.337097,16166,5626.52232
-215.681035,16166,5631.598594
-187.53241,16166,5636.703711
-154.309356,16166,5641.791943
-603.652301,16166,5648.939857
-339.935189,16166,5655.422853
-414.333376,16166,5661.976928
-427.541983,16166,5667.814169
-272.520744,16166,5675.000638
-253.928533,16166,5679.911655
-465.685931,16166,5687.75442
-185.346627,16166,5693.522269
-258.327204,16166,5700.665453
-276.783572,16166,5705.753872
-750.599606,16166,5710.834575
-845.436108,16166,5718.036197
-302.018045,16166,5723.137651
-437.35598,16166,5730.77188
-216.003989,16166,5737.095102
-208.763417,16166,5742.357353
-493.516929,16166,5747.543739
-194.816055,16166,5752.687955
-343.74356,16166,5759.111249
-186.546245,16166,5766.963552
-268.923825,16166,5772.778632
-368.566528,16166,5781.275162
-171.30227,16166,5788.480731
-1169.88412,16166,5795.392241
-1022.401943,16166,5802.58322
-376.711347,16166,5809.031849
-382.792052,16166,5817.55817
-158.439744,16166,5825.403872
-190.849265,16166,5834.651322
-247.807507,16166,5842.499997
-183.435168,16166,5850.348295
-422.866015,16166,5858.160717
-676.012123,16166,5867.343473
-1218.549754,16166,5874.148672
-321.740249,16166,5882.676341
-250.142546,16166,5889.202795
-481.632245,16166,5895.018208
-503.767315,16166,5900.206403
-430.446796,16166,5908.125018
-146.247257,16166,5913.872065
-160.77598,16166,5920.319381
-694.582241,16166,5927.450687
-407.462436,16166,5935.668393
-182.733388,16166,5943.484534
-394.271645,16166,5949.918165
-626.54683,16166,5955.708796
-231.116202,16166,5964.775298
-769.863358,16166,5971.96655
-248.639905,16166,5977.914863
-175.497584,16166,5984.497899
-267.986957,16166,5990.747597
-360.960822,16166,5997.927718
-157.685831,16166,6003.439447
-292.687992,16166,6009.283627
-223.432398,16166,6014.515573
-164.442994,16166,6021.020189
-289.836422,16166,6027.526177
-196.977163,16166,6033.294585
-250.666017,16166,6039.048547
-294.767448,16166,6046.160605
-507.183333,16166,6052.571454
-478.645899,16166,6062.18565
-607.422398,16166,6067.314285
-186.483863,16166,6073.817621
-260.014634,16166,6079.663744
-429.52471,16166,6088.169947
-416.300894,16166,6096.639876
-318.362731,16166,6103.778132
-271.054171,16166,6111.566782
-192.230059,16166,6116.766794
-163.810189,16166,6121.718845
-259.770257,16166,6127.507942
-533.626658,16166,6133.263456
-227.433646,16166,6141.045724
-255.260159,16166,6148.243736
-187.790539,16166,6155.367247
-381.440151,16166,6162.472009
-204.042489,16166,6171.02536
-192.149638,16166,6177.610749
-450.805957,16166,6182.790962
-591.532758,16166,6190.35135
-213.073289,16166,6197.031801
-246.394774,16166,6203.809848
-477.625105,16166,6211.128531
-397.396938,16166,6217.679531
-604.809143,16166,6226.258659
-190.351564,16166,6232.90472
-388.366688,16166,6242.217566
-246.299345,16166,6248.789667
-193.457615,16166,6256.437335
-461.099968,16166,6266.431337
-583.964976,16166,6277.029495
-607.332714,16166,6285.592294
-257.14643,16166,6293.571026
-159.905622,16166,6302.216053
-190.34911,16166,6309.482692
-411.677468,16166,6318.087312
-1128.97542,16166,6326.01289
-738.023224,16166,6333.238611
-584.083283,16166,6341.553181
-165.104321,16166,6346.67178
-203.084314,16166,6352.639884
-433.490374,16166,6357.832989
-413.545287,16166,6364.362309
-170.015647,16166,6372.234523
-232.333557,16166,6378.749395
-181.169565,16166,6385.307919
-153.273683,16166,6393.312714
-256.376753,16166,6400.249627
-229.693235,16166,6408.099599
-171.108073,16166,6417.535411
-252.040415,16166,6425.444932
-248.005087,16166,6436.068038
-118.628197,16166,6444.674019
-172.741119,16166,6454.576529
-316.849447,16166,6464.523826
-548.71563,16166,6473.10789
-226.312352,16166,6479.381995
-212.942631,16166,6486.633682
-104.066663,16166,6493.907838
-207.886132,16166,6501.882675
-84.693653,16166,6509.223869
-183.737296,16166,6515.857845
-160.708237,16166,6526.544625
-108.054945,16166,6533.754876
-119.088681,16166,6540.347623
-130.36996,16166,6547.007714
-98.657041,16166,6555.947188
-202.696108,16166,6563.166626
-117.232616,16166,6569.672897
-779.924464,16166,6574.832463
-273.704738,16166,6584.040606
-311.28485,16166,6594.001718
-229.729771,16166,6599.891885
-181.076371,16166,6607.101972
-175.50631,16166,6612.246749
-116.09588,16166,6619.816982
-141.042416,16166,6628.348442
-190.24117,16166,6634.851458
-185.451836,16166,6643.423711
-126.111366,16166,6652.611766
-215.714822,16166,6657.787789
-138.594339,16166,6662.994655
-142.817988,16166,6668.224416
-141.487352,16166,6673.342017
-150.8042,16166,6679.543576
-200.357505,16166,6687.406061
-99.696531,16166,6693.943411
-190.562774,16166,6703.233429
-192.77818,16166,6710.496641
-137.042383,16166,6716.975977
-164.792317,16166,6725.507544
-144.059847,16166,6732.724056
-228.376882,16166,6740.028311
-134.240102,16166,6747.310529
-329.509446,16166,6756.274381
-270.07167,16166,6764.20078
-104.722756,16166,6772.785062
-165.429398,16166,6779.972021
-460.443309,16166,6785.748415
-105.536327,16166,6791.644915
-196.447375,16166,6798.21916
-158.775199,16166,6805.504405
-92.661824,16166,6814.056798
-267.311418,16166,6818.924965
-305.199548,16166,6826.942516
-264.628443,16166,6833.520239
-170.089248,16166,6841.503067
-201.708883,16166,6850.073331
-139.163764,16166,6857.991566
-157.652036,16166,6865.862367
-142.037965,16166,6876.515894
-167.459395,16166,6885.856724
-266.633245,16166,6892.407477
-189.429147,16166,6900.693068
-413.516319,16166,6909.31806
-680.525321,16166,6917.939452
-206.142736,16166,6927.249524
-224.610085,16166,6936.593728
-136.588878,16166,6945.90121
-137.003602,16166,6952.424019
-207.703724,16166,6959.624666
-134.42637,16166,6968.258439
-194.698641,16166,6975.247414
-429.681639,16166,6980.442434
-302.733517,16166,6986.301812
-131.301502,16166,6992.888041
-312.786536,16166,7001.545631
-240.950552,16166,7008.81357
-306.520647,16166,7016.711569
-101.182492,16166,7023.945457
-130.219822,16166,7031.182411
-121.436588,16166,7040.820549
-156.641536,16166,7051.446166
-283.656603,16166,7058.677248
-175.669204,16166,7066.724946
-109.198553,16166,7075.388475
-139.721806,16166,7083.99285
-176.669443,16166,7091.273427
-104.534561,16166,7098.597269
-191.573684,16166,7104.524835
-338.469946,16166,7111.783975
-99.361397,16166,7119.410902
-120.781258,16166,7125.286807
-106.893796,16166,7131.804918
-74.998264,16166,7139.741298
-119.167296,16166,7149.077322
-121.069713,16166,7156.35222
-221.898849,16166,7164.940352
-167.305037,16166,7173.551014
-412.374418,16166,7180.136808
-601.183143,16166,7187.102483
-191.239388,16166,7195.643274
-219.223607,16166,7201.581396
-231.837977,16166,7209.538395
-367.351169,16166,7215.503383
-188.955538,16166,7224.140613
-99.827742,16166,7232.114496
-281.282476,16166,7238.674206
-254.069242,16166,7245.94976
-460.841436,16166,7251.877499
-504.281685,16166,7258.194498
-158.144735,16166,7263.473199
-144.848255,16166,7270.734789
-279.213064,16166,7278.645553
-417.627651,16166,7284.515175
-88.901605,16166,7290.378528
-426.440869,16166,7296.932815
-149.869377,16166,7304.880282
-320.270247,16166,7314.842486
-258.148242,16166,7319.733179
-87.547671,16166,7327.630913
-280.162829,16166,7338.237612
-139.804495,16166,7348.877273
-276.727267,16166,7357.519573
-218.421545,16166,7364.038763
-95.188639,16166,7371.269213
-164.524203,16166,7380.550624
-89.829105,16166,7389.194623
-101.643939,16166,7398.776931
-116.246443,16166,7408.719479
-86.122127,16166,7416.015922
-153.980057,16166,7424.5818
-331.44112,16166,7429.762241
-183.528714,16166,7435.604389
-147.067632,16166,7444.893264
-139.285176,16166,7453.480598
-135.055561,16166,7460.692996
-225.806534,16166,7469.224025
-151.147574,16166,7478.228327
-147.626325,16166,7486.876055
-149.763291,16166,7493.552638
-140.083834,16166,7501.520557
-492.839079,16166,7512.102863
-247.844142,16166,7520.009395
-187.767872,16166,7527.278958
-128.168749,16166,7534.559791
-198.049443,16166,7540.395338
-187.535778,16166,7545.242761
-270.028019,16166,7551.864976
-209.442004,16166,7562.452231
-258.712173,16166,7570.405881
-249.613404,16166,7577.057974
-158.48693,16166,7586.336963
-166.146866,16166,7594.970182
-222.609041,16166,7604.275538
-307.412996,16166,7610.150346
-317.828307,16166,7617.383526
-160.140619,16166,7626.951941
-139.868543,16166,7634.853489
-434.675099,16166,7642.068653
-187.259059,16166,7651.40596
-386.925479,16166,7659.951664
-179.991353,16166,7666.403627
-214.553911,16166,7673.589594
-138.587045,16166,7683.517099
-221.918345,16166,7693.461788
-199.542466,16166,7702.492388
-185.872939,16166,7711.051216
-175.438025,16166,7718.311743
-254.517593,16166,7726.886024
-123.013773,16166,7736.81935
-511.182764,16166,7746.120489
-563.723629,16166,7756.057006
-476.435694,16166,7765.228607
-248.17836,16166,7773.146051
-210.417699,16166,7778.633975
-176.051822,16166,7785.906604
-148.509885,16166,7794.459907
-135.473533,16166,7801.599575
-145.336745,16166,7808.088289
-186.576886,16166,7817.298657
-320.556115,16166,7825.830525
-359.911902,16166,7835.069439
-175.140384,16166,7844.356371
-191.990462,16166,7853.569322
-283.022864,16166,7863.17646
-191.150395,16166,7871.060703
-240.570253,16166,7880.975998
-145.835277,16166,7891.619683
-135.373738,16166,7900.846787
-175.407608,16166,7908.668478
-192.533684,16166,7917.931676
-168.817308,16166,7927.829808
-135.309911,16166,7935.694203
-166.702006,16166,7945.334244
-165.305791,16166,7953.914395
-188.156176,16166,7963.174312
-134.915313,16166,7969.658644
-149.243754,16166,7977.557927
-187.323315,16166,7986.913537
-190.199466,16166,7994.84558
-179.768695,16166,8003.418783
-208.653106,16166,8009.978029
-243.95155,16166,8019.27261
-156.306057,16166,8026.28594
-115.065963,16166,8031.550603
-118.161227,16166,8040.092776
-290.216169,16166,8047.309543
-314.27068,16166,8056.557564
-323.263096,16166,8066.470621
-233.798686,16166,8076.4794
-163.8466,16166,8085.119616
-142.383777,16166,8093.695446
-162.237786,16166,8103.430266
-161.240805,16166,8111.390076
-118.400003,16166,8119.331723
-124.012891,16166,8126.549267
-154.329329,16166,8135.755518
-238.479417,16166,8144.339449
-183.879072,16166,8152.899004
-206.171959,16166,8159.344695
-152.776364,16166,8165.108422
-111.932889,16166,8171.986982
-113.30503,16166,8178.514784
-133.84472,16166,8187.137482
-143.766357,16166,8194.331707
-165.904773,16166,8202.204432
-180.209495,16166,8210.754633
-209.69023,16166,8217.31264
-169.423211,16166,8225.139075
-116.940524,16166,8233.694451
-153.294841,16166,8242.955168
-587.851953,16166,8249.168319
-477.89685,16166,8256.33191
-187.987563,16166,8262.181933
-402.172011,16166,8270.052103
-156.959901,16166,8278.613469
-136.927502,16166,8285.83506
-308.784456,16166,8292.28533
-245.17267,16166,8299.500834
-136.793003,16166,8308.749295
-219.42613,16166,8314.267285
-192.859287,16166,8320.877678
-298.247254,16166,8329.508687
-133.447266,16166,8335.311927
-179.494849,16166,8341.834841
-245.639664,16166,8349.762896
-245.806229,16166,8356.257166
-117.39831,16166,8366.200577
-255.865669,16166,8373.477384
-147.54186,16166,8382.052415
-183.748049,16166,8388.915444
-551.905797,16166,8396.107629
-581.888375,16166,8402.029549
-332.942566,16166,8408.592458
-280.755585,16166,8416.529339
-307.448443,16166,8423.127561
-208.771752,16166,8430.374344
-821.648501,16166,8438.990853
-239.88341,16166,8445.532015
-284.844926,16166,8453.127935
-159.243296,16166,8461.041168
-164.728029,16166,8468.871719
-256.086214,16166,8476.763994
-418.60566,16166,8486.680293
-182.697641,16166,8494.518193
-163.567964,16166,8500.305131
-160.803996,16166,8509.543733
-221.042791,16166,8516.092654
-214.82206,16166,8525.046061
-183.562422,16166,8531.51784
-137.280999,16166,8540.130522
-121.389865,16166,8546.639901
-202.253045,16166,8553.812882
-170.449657,16166,8559.550393
-225.869936,16166,8568.120485
-218.014238,16166,8575.348866
-182.084798,16166,8580.444412
-448.272961,16166,8586.306074
-194.014959,16166,8591.869151
-133.781442,16166,8601.191262
-148.403374,16166,8609.131299
-211.463773,16166,8617.747029
-234.085442,16166,8622.996096
-344.299096,16166,8628.993717
-155.590947,16166,8635.566668
-173.332319,16166,8645.479634
-189.969626,16166,8652.0892
-161.832209,16166,8661.720877
-207.091757,16166,8670.34667
-663.20743,16166,8678.953625
-1147.71097,16166,8684.850988
-473.296219,16166,8691.448771
-1126.154978,16166,8698.022685
-319.957357,16166,8705.965624
-254.83123,16166,8711.230582
-260.910086,16166,8719.208265
-164.729157,16166,8729.052314
-108.561171,16166,8734.669814
-137.67382,16166,8740.616665
-118.305788,16166,8749.211499
-599.085973,16166,8756.528402
-399.540847,16166,8763.114857
-236.281361,16166,8769.711456
-95.455351,16166,8777.128843
-74.462919,16166,8786.411645
-180.37263,16166,8795.104686
-167.15545,16166,8802.099676
-126.380999,16166,8812.056506
-102.017575,16166,8820.676163
-101.88186,16166,8825.92977
-116.400864,16166,8832.544896
-77.814918,16166,8838.507901
-75.693805,16166,8845.830333
-198.788421,16166,8851.766485
-228.234375,16166,8859.055391
-203.992518,16166,8867.365559
-110.93076,16166,8873.928136
-148.381146,16166,8881.158347
-68.634564,16166,8890.405881
-124.475149,16166,8898.324668
-96.774368,16166,8904.149448
-104.74703,16166,8911.445134
-154.498857,16166,8917.313204
-191.956819,16166,8923.168298
-558.929484,16166,8930.436072
-356.481012,16166,8937.293363
-229.274838,16166,8945.968851
-163.891685,16166,8953.899713
-131.878134,16166,8962.466668
-288.302504,16166,8968.323971
-179.858415,16166,8976.922767
-168.476647,16166,8984.86202
-146.651024,16166,8994.119304
-226.275207,16166,9001.350742
-121.013501,16166,9009.620647
-102.856782,16166,9016.81676
-154.483121,16166,9022.033597
-264.185909,16166,9027.894598
-125.719837,16166,9035.77592
-181.048313,16166,9043.661296
-132.993312,16166,9052.922624
-132.918796,16166,9062.856604
-157.415907,16166,9072.138254
-251.861459,16166,9078.686732
-352.077055,16166,9086.962866
-185.707979,16166,9096.254391
-278.825648,16166,9106.921467
-504.316764,16166,9113.471828
-185.756785,16166,9120.731654
-150.960045,16166,9130.036275
-120.795856,16166,9135.943337
-112.710094,16166,9143.863202
-198.720346,16166,9148.991409
-243.538737,16166,9155.940817
-179.431747,16166,9165.205537
-199.822654,16166,9175.141203
-232.236154,16166,9183.048603
-143.72492,16166,9190.316563
-142.37079,16166,9196.875905
-204.417597,16166,9203.426481
-143.984258,16166,9209.281893
-310.997867,16166,9214.492842
-291.251633,16166,9220.200946
-329.031982,16166,9226.153655
-145.006494,16166,9234.151414
-139.527217,16166,9240.076645
-107.42186,16166,9246.01062
-137.577268,16166,9252.672769
-140.488928,16166,9259.996279
-272.466776,16166,9266.583282
-131.016188,16166,9275.143893
-102.120886,16166,9282.403887
-142.252031,16166,9289.447622
-160.640317,16166,9297.498515
-209.682183,16166,9307.478568
-204.23907,16166,9314.742443
-307.896476,16166,9321.968358
-219.672853,16166,9328.59643
-274.856687,16166,9334.544764
-120.819138,16166,9343.828784
-118.994878,16166,9353.767516
-154.386247,16166,9363.425753
-481.263085,16166,9371.363705
-838.393699,16166,9378.601472
-181.546971,16166,9385.826018
-142.773322,16166,9394.40585
-171.362337,16166,9400.924448
-130.82326,16166,9406.12835
-144.243857,16166,9412.717432
-303.12148,16166,9422.020515
-269.161807,16166,9430.322503
-153.053979,16166,9438.259768
-108.694103,16166,9446.882679
-184.468815,16166,9455.45704
-139.518836,16166,9460.631001
-93.227493,16166,9469.219529
-128.628306,16166,9477.046003
-115.234786,16166,9486.342652
-167.083183,16166,9496.239555
-249.378434,16166,9504.182285
-106.128868,16166,9509.718749
-155.504841,16166,9517.619342
-82.007386,16166,9527.010997
-118.023134,16166,9536.312544
-135.004062,16166,9545.552224
-125.075138,16166,9555.499462
-77.396633,16166,9564.139932
-95.534268,16166,9570.123516
-82.493449,16166,9577.454222
-101.395734,16166,9585.089939
-105.021922,16166,9591.032347
-561.277456,16166,9596.304695
-291.291501,16166,9604.260254
-388.452629,16166,9610.877426
-263.271122,16166,9617.525581
-381.974767,16166,9624.826229
-376.747435,16166,9631.423548
-515.281607,16166,9642.014525
-165.474226,16166,9652.647937
-91.670127,16166,9660.291414
-294.81009,16166,9670.890513
-120.847765,16166,9679.540226
-176.788862,16166,9687.552062
-274.425455,16166,9696.934859
-134.820042,16166,9704.914171
-127.789046,16166,9713.535218
-199.639272,16166,9720.752459
-96.971807,16166,9727.355449
-75.653002,16166,9735.015731
-82.565403,16166,9741.801727
-82.957498,16166,9751.067266
-61.977803,16166,9761.007664
-126.581758,16166,9769.62125
-87.197709,16166,9774.842203
-106.984184,16166,9782.801932
-127.902851,16166,9791.354742
-92.116116,16166,9800.592022
-111.992834,16166,9809.584819
-85.713983,16166,9816.803719
-207.136527,16166,9823.255289
-216.179961,16166,9830.525944
-181.756341,16166,9839.8
-95.134164,16166,9847.076021
-114.598451,16166,9853.610449
-108.571009,16166,9859.421615
-111.58654,16166,9866.678982
-196.710551,16166,9875.227879
-70.404198,16166,9882.860524
-94.833484,16166,9889.438672
-128.367972,16166,9894.565723
-117.92627,16166,9901.106524
-80.675562,16166,9907.095001
-102.765545,16166,9915.035307
-169.324045,16166,9923.68494
-115.604719,16166,9930.962676
-83.175582,16166,9940.310622
-72.478686,16166,9947.852582
-85.759986,16166,9954.39833
-165.435292,16166,9962.991864
-117.031129,16166,9970.86236
-78.57458,16166,9978.027908
-91.604808,16166,9983.889713
-155.253458,16166,9990.42075
-98.725466,16166,9996.968807
-131.052139,16166,10004.863949
-244.825697,16166,10012.25911
-106.915535,16166,10018.001925
-108.883081,16166,10026.628378
-193.022059,16166,10032.561036
-337.456054,16166,10040.521465
-251.892074,16166,10049.214411
-204.287529,16166,10057.170355
-298.366781,16166,10062.413743
-120.165966,16166,10069.638681
-176.508024,16166,10080.34145
-143.88394,16166,10087.304462
-169.724717,16166,10094.411644
-271.509546,16166,10100.879153
-853.427326,16166,10108.059287
-268.634796,16166,10113.206854
-195.00309,16166,10119.026231
-123.917809,16166,10128.382592
-134.536656,16166,10134.382205
-118.904248,16166,10143.704808
-135.711199,16166,10152.671523
-400.463099,16166,10161.894754
-129.419166,16166,10169.810703
-131.923439,16166,10179.773493
-129.583284,16166,10187.042816
-390.850227,16166,10194.80228
-241.817892,16166,10202.119206
-276.240179,16166,10210.701589
-216.345008,16166,10215.784293
-615.586497,16166,10221.537278
-763.291305,16166,10227.682371
-474.109074,16166,10233.473822
-135.74035,16166,10242.029236
-198.761253,16166,10249.874973
-212.5458,16166,10257.794934
-81.72892,16166,10265.08383
-100.710328,16166,10270.303857
-130.192436,16166,10277.544335
-98.953134,16166,10286.152036
-250.611419,16166,10295.071542
-217.975404,16166,10304.341846
-164.090354,16166,10314.292743
-193.929016,16166,10321.523441
-241.544303,16166,10329.418031
-201.540983,16166,10336.76055
-619.566832,16166,10343.388264
-715.239,16166,10350.630449
-562.169894,16166,10357.907944
-139.069465,16166,10363.799772
-248.11387,16166,10369.5069
-86.706263,16166,10375.392696
-137.357738,16166,10382.723819
-160.202532,16166,10391.308633
-110.496944,16166,10398.551591
-194.811252,16166,10404.453532
-95.989329,16166,10412.387271
-103.092623,16166,10420.377666
-89.486174,16166,10428.375359
-99.401325,16166,10435.298538
-122.636208,16166,10441.148864
-103.674099,16166,10447.659759
-64.192311,16166,10456.397218
-206.621777,16166,10465.0523
-347.245544,16166,10472.323023
-77.401756,16166,10477.521643
-223.846101,16166,10486.077435
-95.556262,16166,10492.691045
-110.119878,16166,10500.372751
-70.89077,16166,10506.282923
-279.885489,16166,10513.557151
-104.946853,16166,10523.474744
-305.13225,16166,10530.75992
-186.372559,16166,10535.946348
-84.409806,16166,10542.055938
-130.072815,16166,10550.419264
-178.149912,16166,10558.387095
-105.309463,16166,10567.709085
-94.627247,16166,10575.408338
-81.500385,16166,10583.295486
-818.360619,16166,10591.195924
-596.786607,16166,10597.81424
-109.661385,16166,10603.69543
-101.529905,16166,10611.633198
-193.523778,16166,10622.266219
-118.371753,16166,10627.449445
-143.569365,16166,10634.755464
-247.619007,16166,10641.519649
-147.084799,16166,10648.164126
-127.671943,16166,10653.960206
-194.623837,16166,10659.111038
-193.573117,16166,10666.356814
-198.916089,16166,10674.254771
-164.424356,16166,10681.477592
-141.373182,16166,10690.760503
-189.475274,16166,10699.928535
-125.548317,16166,10707.822594
-123.604899,16166,10714.694266
-516.676204,16166,10724.642679
-662.382623,16166,10733.841957
-206.030983,16166,10741.729131
-411.389685,16166,10751.034326
-115.08816,16166,10759.702394
-139.043718,16166,10765.585635
-131.039136,16166,10774.252107
-111.437948,16166,10783.557917
-103.323865,16166,10792.529773
-106.351898,16166,10801.820817
-150.721562,16166,10808.341695
-166.135786,16166,10814.922587
-193.561412,16166,10822.166765
-242.768032,16166,10828.806637
-165.228636,16166,10836.032379
-144.215186,16166,10841.22137
-116.354667,16166,10849.845976
-358.33424,16166,10855.466801
-826.935018,16166,10861.429458
-373.669317,16166,10866.703988
-282.907248,16166,10874.678234
-174.048109,16166,10884.735096
-186.894141,16166,10894.027013
-227.466393,16166,10904.068162
-142.660173,16166,10911.45167
-254.776935,16166,10916.79674
-108.711629,16166,10922.696373
-122.881865,16166,10930.395178
-92.903918,16166,10936.200442
-95.203347,16166,10944.14529
-398.776561,16166,10954.156317
-175.336806,16166,10964.132921
-227.529197,16166,10970.23295
-202.14037,16166,10978.240887
-78.345735,16166,10988.231167
-109.946492,16166,10998.876523
-152.879362,16166,11005.204214
-127.841901,16166,11011.202506
-97.038144,16166,11017.863153
-125.773468,16166,11026.518228
-253.971865,16166,11033.815779
-698.680772,16166,11044.476801
-600.767791,16166,11051.09365
-233.969502,16166,11057.694405
-256.151866,16166,11067.000209
-118.614727,16166,11074.953611
-147.007179,16166,11083.936683
-320.329074,16166,11089.841573
-250.018866,16166,11095.104517
-71.74691,16166,11101.653658
-337.944457,16166,11108.25751
-175.318604,16166,11115.596869
-129.622916,16166,11124.925859
-88.996536,16166,11130.88504
-203.555448,16166,11140.184973
-250.014608,16166,11149.220793
-86.297505,16166,11155.750713
-95.837312,16166,11160.930883
-89.165636,16166,11166.175232
-143.097327,16166,11174.744321
-78.352577,16166,11183.977193
-77.596279,16166,11189.801895
-114.884885,16166,11197.080462
-228.600865,16166,11202.945664
-117.417287,16166,11209.256591
-197.405277,16166,11214.409797
-123.805693,16166,11220.394696
-120.867152,16166,11228.601698
-133.076628,16166,11235.955364
-207.631731,16166,11244.61053
-87.538303,16166,11253.879393
-267.643323,16166,11263.20529
-672.267293,16166,11272.551432
-1610.201195,16166,11279.832821
-354.722148,16166,11289.606221
-441.396711,16166,11298.916646
-129.845621,16166,11306.172829
-139.833212,16166,11312.132303
-78.84286,16166,11318.157726
-92.024833,16166,11325.480725
-242.387018,16166,11336.147355
-454.099851,16166,11344.194477
-180.764122,16166,11352.163067
-121.031057,16166,11361.825263
-113.803026,16166,11367.824747
-91.769987,16166,11375.150748
-124.401861,16166,11381.768903
-130.483958,16166,11387.038696
-356.079936,16166,11393.702916
-1010.343133,16166,11403.728401
-955.131267,16166,11412.431232
-587.972094,16166,11421.747043
-123.70519,16166,11428.424712
-80.026924,16166,11436.788169
-99.654732,16166,11444.165137
-159.318199,16166,11452.136343
-165.703521,16166,11459.463275
-435.658652,16166,11466.734138
-152.252449,16166,11476.034201
-79.366259,16166,11486.038175
-226.896511,16166,11494.0317
-91.309828,16166,11503.366853
-76.097025,16166,11512.998859
-181.622352,16166,11522.240941
-106.742908,16166,11527.597044
-93.763531,16166,11537.590839
-87.123421,16166,11544.185649
-121.891996,16166,11550.878927
-71.261064,16166,11557.512372
-196.473997,16166,11564.142816
-291.443957,16166,11569.419838
-142.470424,16166,11575.038334
-150.135328,16166,11580.968802
-180.35471,16166,11590.962737
-198.696743,16166,11598.209494
-253.558186,16166,11606.867905
-73.158754,16166,11615.516553
-70.509494,16166,11624.829992
-110.200921,16166,11631.537627
-149.278081,16166,11639.498438
-91.452185,16166,11648.137506
-166.381273,16166,11657.095258
-167.191709,16166,11663.71651
-184.945466,16166,11672.316492
-113.880509,16166,11682.291794
-119.277065,16166,11691.636929
-164.016552,16166,11696.90917
-107.394305,16166,11702.877957
-115.802568,16166,11709.477596
-152.24541,16166,11719.445208
-101.658307,16166,11724.302477
-108.13123,16166,11730.927487
-115.003182,16166,11740.273471
-112.699161,16166,11750.857794
-404.021656,16166,11757.221786
-84.448497,16166,11763.895093
-83.980613,16166,11769.17568
-103.57486,16166,11779.196773
-117.882497,16166,11788.603586
-75.150117,16166,11794.562589
-408.987489,16166,11800.873762
-265.27318,16166,11808.862901
-87.368418,16166,11816.822967
-117.726928,16166,11824.74456
-133.776945,16166,11830.687433
-109.003465,16166,11838.63279
-120.872694,16166,11845.239193
-127.907287,16166,11851.82671
-226.97339,16166,11857.763697
-245.791009,16166,11866.765252
-121.310118,16166,11876.095157
-132.074088,16166,11885.441511
-131.686818,16166,11893.356211
-156.339559,16166,11899.936852
-225.259734,16166,11905.938473
-210.186557,16166,11915.955462
-175.403125,16166,11921.252657
-144.06882,16166,11930.53295
-130.030255,16166,11939.524848
-131.986722,16166,11948.796204
-173.612638,16166,11955.929256
-178.494182,16166,11965.929781
-147.959765,16166,11975.921409
-126.072098,16166,11986.534966
-135.015163,16166,11992.45579
-131.34823,16166,12001.793547
-108.558875,16166,12011.133255
-148.838159,16166,12020.440443
-161.763845,16166,12026.758159
-202.294837,16166,12036.156319
-133.447914,16166,12043.380639
-126.989198,16166,12053.982212
-125.332353,16166,12062.61619
-253.003997,16166,12071.951244
-140.889495,16166,12080.547522
-171.428113,16166,12090.534022
-146.761385,16166,12099.853436
-114.809743,16166,12104.859649
-113.174311,16166,12113.520386
-92.484137,16166,12121.43806
-90.544645,16166,12128.686697
-194.155567,16166,12134.680392
-216.505205,16166,12143.336832
-134.125636,16166,12153.297232
-140.208338,16166,12159.90773
-250.650056,16166,12168.500485
-133.62861,16166,12175.535819
-81.701742,16166,12182.89381
-148.720412,16166,12190.884581
-82.766077,16166,12196.197068
-178.886483,16166,12206.169329
-195.243489,16166,12213.435673
-294.830274,16166,12222.741217
-190.681959,16166,12232.6424
-151.712154,16166,12241.249901
-189.320352,16166,12249.845577
-183.054097,16166,12255.525727
-253.446932,16166,12260.777292
-114.885906,16166,12269.394455
-129.318817,16166,12278.197992
-161.373957,16166,12286.253918
-202.196519,16166,12296.361609
-160.990284,16166,12301.676656
-97.481872,16166,12307.666247
-96.522228,16166,12313.000659
-126.784722,16166,12320.675227
-211.174435,16166,12327.348697
-108.427494,16166,12335.4003
-100.954907,16166,12342.761058
-222.424768,16166,12349.470221
-591.979838,16166,12356.823381
-412.186172,16166,12362.782497
-115.756549,16166,12371.480525
-83.253283,16166,12380.833636
-89.267508,16166,12386.821387
-133.687432,16166,12393.133952
-80.29083,16166,12399.831462
-107.642878,16166,12405.241846
-110.04334,16166,12412.608418
-80.423083,16166,12421.43557
-73.107203,16166,12429.395587
-83.801654,16166,12436.68795
-75.952474,16166,12446.629725
-72.354225,16166,12455.217485
-68.775908,16166,12460.152167
-77.002724,16166,12468.819549
-55.170746,16166,12476.988395
-122.760665,16166,12485.614333
-168.058015,16166,12496.244839
-258.543974,16166,12506.264815
-75.475354,16166,12516.866221
-110.965945,16166,12526.094593
-103.806266,16166,12535.431488
-104.878814,16166,12541.744771
-96.894467,16166,12549.66751
-86.066479,16166,12560.288294
-151.027684,16166,12566.870287
-867.930742,16166,12572.199279
-637.4055,16166,12581.523965
-418.408177,16166,12589.4593
-385.086099,16166,12598.055104
-111.81057,16166,12603.894982
-100.085751,16166,12612.434948
-94.371985,16166,12621.505702
-71.685109,16166,12628.128578
-88.54748,16166,12634.052035
-100.074027,16166,12642.018208
-94.456304,16166,12647.936867
-93.730162,16166,12654.533273
-81.219006,16166,12661.054474
-135.245793,16166,12671.640573
-61.203823,16166,12678.142311
-134.125792,16166,12682.999397
-164.899388,16166,12690.199241
-60.629273,16166,12697.375226
-102.736847,16166,12703.938554
-68.019529,16166,12713.219846
-100.311828,16166,12719.812004
-72.380079,16166,12727.758493
-80.881026,16166,12736.355604
-81.545889,16166,12741.478069
-87.242266,16166,12747.329557
-90.789821,16166,12752.95072
-98.696757,16166,12758.130487
-156.955107,16166,12765.440277
-185.994751,16166,12771.39901
-101.41615,16166,12777.299708
-124.415773,16166,12783.233169
-114.796226,16166,12789.800493
-123.206988,16166,12795.036793
-103.239899,16166,12801.591362
-109.48695,16166,12808.516077
-110.603176,16166,12815.010302
-111.735081,16166,12822.239558
-219.803249,16166,12830.224138
-144.007326,16166,12838.100083
-100.483677,16166,12844.71348
-133.605889,16166,12853.312821
-108.195501,16166,12859.898986
-122.9993,16166,12865.14875
-127.717416,16166,12870.912582
-184.243589,16166,12878.190142
-289.600064,16166,12886.147222
-136.72092,16166,12894.136674
-200.32675,16166,12902.758434
-161.642401,16166,12910.026493
-169.753824,16166,12916.591529
-120.064256,16166,12925.928602
-137.635737,16166,12934.590586
-210.653498,16166,12943.253791
-345.144248,16166,12952.257809
-315.633615,16166,12960.944158
-178.678274,16166,12968.923954
-124.105373,16166,12975.561795
-168.013776,16166,12981.651601
-103.207074,16166,12990.929371
-102.822006,16166,12996.150653
-123.895148,16166,13006.133636
-126.509341,16166,13014.093149
-114.156826,16166,13021.709608
-131.365309,16166,13028.950238
-112.75761,16166,13035.625668
-95.293796,16166,13043.026804
-109.145208,16166,13049.659402
-101.656812,16166,13054.971504
-106.772663,16166,13060.997269
-107.198174,16166,13066.403246
-113.553468,16166,13073.734476
-116.977768,16166,13080.357149
-172.88747,16166,13085.99454
-157.616453,16166,13091.929755
-126.413277,16166,13097.149804
-106.066265,16166,13103.753016
-137.54333,16166,13111.034793
-130.600878,16166,13117.703179
-98.126574,16166,13127.042445
-95.459052,16166,13135.698401
-115.780176,16166,13146.370983
-117.113011,16166,13151.951687
-83.972009,16166,13159.945424
-87.105001,16166,13165.234393
-90.059345,16166,13170.543027
-117.120401,16166,13178.529591
-145.1462,16166,13187.152212
-108.749212,16166,13195.773657
-95.821664,16166,13203.691789
-113.779428,16166,13210.984888
-176.860413,16166,13219.303234
-119.460053,16166,13227.213015
-118.472862,16166,13233.731875
-80.245987,16166,13241.704321
-99.844176,16166,13247.015225
-246.552961,16166,13254.330849
-137.983508,16166,13263.647719
-208.81177,16166,13272.240303
-215.17308,16166,13280.812711
-110.05509,16166,13288.747618
-63.618297,16166,13296.365751
-67.23773,16166,13302.328959
-97.843427,16166,13308.947879
-117.911505,16166,13318.909248
-94.088986,16166,13324.041629
-71.324149,16166,13332.026342
-126.264456,16166,13340.652237
-108.870732,16166,13347.257508
-83.400628,16166,13355.100303
-207.345018,16166,13361.339453
-179.758836,16166,13366.479568
-120.015725,16166,13372.380597
-382.269818,16166,13380.959514
-125.819649,16166,13386.81696
-303.575724,16166,13395.446822
-87.406595,16166,13401.336371
-122.750719,16166,13407.948758
-111.502556,16166,13414.554068
-96.367173,16166,13423.163787
-178.524772,16166,13431.56281
-170.963942,16166,13439.580543
-127.132423,16166,13446.078768
-83.096395,16166,13451.950966
-137.435419,16166,13457.837238
-106.269366,16166,13463.760436
-129.583284,16166,13471.687399
-89.852984,16166,13480.297168
-59.540077,16166,13488.175364
-230.300503,16166,13495.129843
-522.522593,16166,13500.403196
-98.943108,16166,13507.686198
-129.409347,16166,13517.684728
-121.357618,16166,13522.867448
-81.125539,16166,13531.526377
-88.831457,16166,13537.498648
-105.504004,16166,13543.412614
-137.364506,16166,13549.277777
-101.551454,16166,13556.337802
-88.457368,16166,13562.918584
-155.74864,16166,13570.242162
-117.444676,16166,13578.832347
-126.673777,16166,13586.791031
-210.264165,16166,13594.048776
-108.652517,16166,13599.309577
-131.015557,16166,13604.642241
-120.357476,16166,13611.298889
-95.006872,16166,13619.88776
-125.926263,16166,13624.901392
-103.654606,16166,13632.80489
-108.984978,16166,13642.804606
-107.000241,16166,13650.161488
-189.868942,16166,13657.403626
-176.638482,16166,13662.657779
-205.552204,16166,13668.708287
-106.317704,16166,13674.721492
-259.437744,16166,13682.111199
-164.522164,16166,13687.114956
-122.24734,16166,13695.780612
-113.385228,16166,13703.095721
-104.525406,16166,13712.358049
-205.322102,16166,13718.32179
-97.930909,16166,13725.649431
-93.979833,16166,13734.301582
-96.834424,16166,13740.27829
-292.388432,16166,13748.270353
-404.306016,16166,13756.234473
-147.677744,16166,13763.93645
-106.088864,16166,13769.145667
-94.262105,16166,13777.027468
-109.080193,16166,13785.623255
-142.558361,16166,13793.533337
-119.412697,16166,13798.676335
-163.947392,16166,13806.562405
-590.910716,16166,13812.388401
-493.118101,16166,13819.632336
-133.50129,16166,13829.288008
-198.923138,16166,13835.877164
-583.021731,16166,13844.506479
-284.655849,16166,13850.409317
-211.879261,16166,13856.296667
-180.229256,16166,13863.461365
-119.249189,16166,13869.343304
-144.138178,16166,13875.973836
-126.619538,16166,13882.547874
-99.312387,16166,13888.204461
-114.04198,16166,13893.51556
-107.257114,16166,13901.487246
-146.084083,16166,13907.52164
-136.360104,16166,13916.874207
-102.285433,16166,13924.178237
-109.49212,16166,13931.378615
-170.07234,16166,13937.998389
-122.217761,16166,13943.27186
-140.665698,16166,13953.211477
-108.968009,16166,13961.422359
-118.537833,16166,13970.666975
-122.407405,16166,13976.517636
-156.142372,16166,13981.700442
-154.838542,16166,13987.518498
-136.178708,16166,13996.791609
-172.649114,16166,14004.698263
-138.846703,16166,14011.990292
-147.159439,16166,14019.917682
-117.640545,16166,14026.856624
-188.979996,16166,14033.973432
-109.646935,16166,14041.169518
-166.512757,16166,14048.37949
-134.725543,16166,14057.643612
-138.982927,16166,14065.511816
-127.639666,16166,14070.659626
-188.636207,16166,14075.798614
-150.217621,16166,14081.666341
-176.556284,16166,14088.939999
-177.032124,16166,14094.624568
-107.023468,16166,14101.253477
-220.16861,16166,14106.461772
-128.787882,16166,14112.989311
-223.979028,16166,14119.56957
-119.073224,16166,14127.498679
-109.443785,16166,14136.780335
-116.989152,16166,14144.671342
-101.291454,16166,14152.60652
-101.278313,16166,14158.187387
-127.394328,16166,14163.456576
-181.399933,16166,14170.065658
-174.990091,16166,14177.453115
-214.424672,16166,14184.813526
-123.124216,16166,14191.503245
-94.379299,16166,14197.636404
-123.300535,16166,14204.40076
-73.150279,16166,14211.100873
-96.957851,16166,14216.754867
-112.986527,16166,14224.794437
-92.315451,16166,14232.738304
-115.751856,16166,14240.037498
-85.06282,16166,14247.349949
-78.70336,16166,14254.6118
-89.940232,16166,14263.260753
-348.995203,16166,14269.263822
-143.117705,16166,14279.288414
-97.62898,16166,14289.845111
-88.219825,16166,14298.181994
-326.618942,16166,14307.474301
-444.183245,16166,14317.407713
-436.725709,16166,14327.411966
-181.124322,16166,14336.057956
-87.643826,16166,14342.785645
-166.870637,16166,14349.446808
-96.126619,16166,14359.426698
-130.382559,16166,14367.350617
-113.495694,16166,14374.927563
-117.862359,16166,14381.499196
-109.873915,16166,14386.761145
-164.22319,16166,14392.052464
-67.430712,16166,14398.650338
-63.957729,16166,14408.593904
-76.446215,16166,14414.487541
-126.48727,16166,14421.854003
-6497.29915,16166,14427.214856
-21533.787436,16166,14432.84567
-14330.617419,16166,14438.799497
-8307.527749,16166,14446.059561
-6847.249505,16166,14454.026905
-6453.557121,16166,14461.351511
-4580.949311,16166,14467.354481
-2128.613924,16166,14474.66888
-2147.010366,16166,14482.66767
-1086.196448,16166,14491.99233
-358.249672,16166,14499.327753
-301.223886,16166,14505.698884
-198.660897,16166,14512.342332
-218.207607,16166,14521.022405
-208.625098,16166,14530.983438
-201.714729,16166,14540.362288
-222.037634,16166,14547.681871
-238.043325,16166,14554.943882
-224.461939,16166,14560.805763
-226.985239,16166,14568.808118
-219.967827,16166,14577.152735
-211.611159,16166,14585.079563
-361.535713,16166,14595.801699
-244.897646,16166,14604.421462
-327.05861,16166,14615.000587
-291.171178,16166,14622.894835
-224.45239,16166,14630.081732
-243.090066,16166,14635.207168
-344.613009,16166,14641.746885
-189.243998,16166,14648.934707
-240.299475,16166,14654.533702
-133.738782,16166,14659.675564
-133.638807,16166,14665.567787
-207.3851,16166,14670.75018
-185.552367,16166,14680.77962
-131.945451,16166,14688.735394
-119.654015,16166,14698.752598
-126.951217,16166,14704.662884
-156.367682,16166,14714.077063
-158.495994,16166,14720.422395
-171.325065,16166,14730.352804
-163.531581,16166,14740.31645
-102.963376,16166,14748.256438
-138.334142,16166,14758.327322
-127.038809,16166,14768.207568
-497.330434,16166,14776.809347
-426.641539,16166,14782.055629
-194.191686,16166,14792.002397
-131.81923,16166,14798.934966
-122.711547,16166,14805.561332
-177.783627,16166,14811.645208
-120.59782,16166,14818.278351
-136.200656,16166,14825.560926
-104.453255,16166,14832.199271
-355.221675,16166,14837.477897
-482.721913,16166,14848.256438
-166.275623,16166,14855.525094
-361.144742,16166,14860.79275
-463.1463,16166,14868.458564
-176.782315,16166,14879.180352
-120.826973,16166,14887.173029
-200.725593,16166,14893.191847
-130.722081,16166,14903.199801
-110.753237,16166,14910.479483
-186.732783,16166,14917.125763
-187.23814,16166,14925.080608
-101.912135,16166,14931.714713
-158.242631,16166,14937.266889
-212.912315,16166,14946.514555
-114.155083,16166,14953.006327
-151.308217,16166,14959.604193
-206.837259,16166,14969.567651
-155.681041,16166,14976.795745
-166.968292,16166,14987.423671
-151.092,16166,14998.045169
-156.6056,16166,15005.338331
-220.53399,16166,15013.913279
-236.575525,16166,15020.203604
-178.231173,16166,15027.44826
-227.927531,16166,15032.640582
-830.847147,16166,15037.82068
-856.810108,16166,15042.971936
-199.676309,16166,15051.589554
-228.364526,16166,15061.562368
-596.676229,16166,15070.821693
-163.275254,16166,15081.416266
-89.263184,16166,15089.019166
-85.338645,16166,15098.965385
-108.911483,16166,15107.589223
-89.97313,16166,15114.080369
-97.077241,16166,15120.638002
-148.857971,16166,15127.10949
-287.087402,16166,15132.324365
-290.698608,16166,15140.212011
-170.743728,16166,15147.433369
-96.37303,16166,15153.036536
-96.622349,16166,15161.602354
-90.967886,16166,15170.201852
-68.055685,16166,15180.121524
-108.606456,16166,15188.658038
-110.017832,16166,15197.957065
-83.945684,16166,15208.501807
-198.203163,16166,15217.104618
-3022.205521,16166,15223.735436
-8155.31576,16166,15231.769382
-5975.587432,16166,15239.379398
-4116.091355,16166,15245.892226
-1099.911897,16166,15253.769304
-1006.583978,16166,15258.883643
-691.291081,16166,15265.324279
-624.107966,16166,15273.779307
-273.137765,16166,15284.267913
-201.966839,16166,15294.167818
-171.532776,16166,15304.791614
-176.69248,16166,15312.383493
-221.333287,16166,15319.568007
-179.80875,16166,15328.10795
-174.670197,16166,15334.613586
-132.592184,16166,15343.150393
-128.901515,16166,15352.391555
-127.137433,16166,15357.519065
-309.43303,16166,15367.408683
-154.223297,16166,15373.337336
-136.713551,16166,15381.924441
-151.622045,16166,15388.895646
-163.384018,16166,15396.774852
-142.837795,16166,15405.38838
-542.977193,16166,15414.62776
-387.533699,16166,15425.291292
-235.396935,16166,15432.622635
-129.586485,16166,15437.951181
-140.435564,16166,15445.905566
-187.554037,16166,15453.839426
-155.659293,16166,15460.800285
-114.619033,16166,15470.080175
-193.902868,16166,15480.021949
-173.310238,16166,15485.94255
-262.459039,16166,15493.263948
-112.591008,16166,15501.251909
-136.705344,16166,15509.955774
-229.153161,16166,15516.626835
-170.910346,16166,15523.917832
-316.809144,16166,15531.565476
-1210.038023,16166,15539.567578
-828.236622,16166,15546.233212
-290.452185,16166,15552.790731
-135.08316,16166,15560.05652
-120.760114,16166,15566.090178
-153.445558,16166,15572.707427
-101.630393,16166,15578.666673
-116.439632,16166,15587.294086
-97.055966,16166,15594.532481
-96.046316,16166,15600.826565
-107.777007,16166,15606.76158
-137.007827,16166,15612.075831
-193.57763,16166,15617.987968
-260.291743,16166,15627.279885
-100.83817,16166,15635.922547
-165.204469,16166,15641.863063
-185.517552,16166,15648.50151
-134.089197,16166,15659.179698
-94.551793,16166,15665.489687
-116.25293,16166,15673.455201
-95.634595,16166,15680.058882
-169.843382,16166,15685.321788
-253.421592,16166,15692.024805
-144.27841,16166,15699.30723
-137.629142,16166,15707.910471
-165.580396,16166,15713.217442
-251.459436,16166,15721.162967
-780.255771,16166,15727.120559
-373.770421,16166,15734.064541
-143.153493,16166,15741.989429
-173.518782,16166,15748.575355
-177.979296,16166,15754.502877
-164.690116,16166,15763.10845
-110.399848,16166,15768.375836
-118.73915,16166,15775.762219
-100.510757,16166,15783.681731
-108.71819,16166,15791.589098
-105.340348,16166,15800.531404
-86.647717,16166,15807.001812
-116.480925,16166,15815.569222
-123.481919,16166,15822.173849
-125.170195,16166,15828.08742
-125.078873,16166,15833.931145
-121.132931,16166,15842.565924
-99.437559,16166,15848.420285
-113.377664,16166,15854.938165
-115.066087,16166,15860.502264
-91.546002,16166,15866.350931
-174.978579,16166,15873.67529
-176.502544,16166,15881.580913
-225.907934,16166,15890.12745
-127.498252,16166,15898.725211
-147.205582,16166,15905.942816
-134.197742,16166,15912.506271
-139.264737,16166,15918.325327
-105.205861,16166,15924.791832
-104.402787,16166,15933.111076
-120.419099,16166,15939.777274
-227.60741,16166,15945.704651
-168.722423,16166,15952.299871
-198.245068,16166,15959.614021
-122.685466,16166,15966.875023
-112.778498,16166,15975.524077
-119.873842,16166,15982.807579
-134.50232,16166,15988.810216
-192.520421,16166,15997.843794
-203.41084,16166,16007.815454
-140.863157,16166,16014.404379
-220.600615,16166,16023.113862
-214.488305,16166,16031.182506
-137.839313,16166,16039.821277
-93.732322,16166,16047.76035
-96.444468,16166,16054.316014
-105.927432,16166,16064.283716
-86.959782,16166,16072.877429
-119.896588,16166,16080.505023
-90.741141,16166,16087.15436
-102.345371,16166,16095.120294
-188.286803,16166,16101.677062
-136.08252,16166,16108.216859
-239.188106,16166,16116.824064
-197.31443,16166,16124.806346
-106.849386,16166,16132.730332
-131.868874,16166,16138.728598
-127.08144,16166,16144.992213
-177.457413,16166,16150.915872
-111.542635,16166,16158.875075
-117.786798,16166,16165.456845
-107.029413,16166,16174.077569
-106.762253,16166,16181.388952
-100.297452,16166,16187.385931
-110.426271,16166,16195.283897
-147.077129,16166,16201.970516
-233.601166,16166,16211.574651
-170.91553,16166,16218.184675
-523.280576,16166,16224.078717
-201.423679,16166,16231.421355
-193.451758,16166,16238.654372
-163.030744,16166,16243.897783
-304.048382,16166,16250.540662
-285.212344,16166,16259.240381
-265.379859,16166,16265.885615
-156.947364,16166,16273.820575
-126.25056,16166,16280.049174
-153.73397,16166,16285.303659
-126.470879,16166,16291.157162
-254.84094,16166,16296.961837
-124.274369,16166,16302.261163
-162.708512,16166,16309.59575
-201.289717,16166,16316.86762
-310.310371,16166,16325.576888
-133.915594,16166,16334.287314
-115.414027,16166,16342.584345
-176.814859,16166,16350.451653
-139.426171,16166,16359.082379
-267.744286,16166,16365.720408
-144.889313,16166,16375.132598
-119.799397,16166,16383.108224
-98.041534,16166,16390.433726
-276.158962,16166,16395.532827
-441.306192,16166,16402.09629
-650.542259,16166,16411.446008
-239.008292,16166,16418.40164
-483.385981,16166,16424.255155
-552.470027,16166,16430.143203
-1114.802173,16166,16439.319413
-538.457755,16166,16449.295312
-134.254098,16166,16457.199502
-166.59358,16166,16465.829911
-112.959311,16166,16476.531226
-127.675481,16166,16482.300411
-116.293124,16166,16491.220867
-138.051828,16166,16499.693816
-200.299169,16166,16506.085437
-486.557732,16166,16514.558018
-1333.357978,16166,16519.679769
-294.109695,16166,16524.698958
-120.067972,16166,16534.561234
-116.047219,16166,16543.034505
-104.908013,16166,16548.73519
-107.51064,16166,16555.561918
-107.212886,16166,16563.400034
-173.96631,16166,16568.506784
-136.571704,16166,16573.653142
-208.478851,16166,16582.163123
-119.833371,16166,16590.640376
-161.962849,16166,16596.423658
-162.837049,16166,16601.526308
-153.266801,16166,16606.624474
-105.670376,16166,16615.129854
-350.72541,16166,16620.095853
-170.741178,16166,16625.217301
-110.706639,16166,16631.007932
-103.064153,16166,16637.50547
-108.561809,16166,16643.95393
-151.544639,16166,16649.104176
-123.013491,16166,16654.306359
-122.196587,16166,16660.140804
-96.831332,16166,16667.912859
-86.747794,16166,16676.135493
-97.383895,16166,16683.871692
-140.542296,16166,16690.975513
-146.534987,16166,16696.732655
-116.240538,16166,16702.464768
-114.920645,16166,16707.475804
-101.435789,16166,16712.537428
-139.830198,16166,16717.60665
-330.706775,16166,16724.024538
-350.491189,16166,16729.058889
-188.744835,16166,16734.522441
-97.039134,16166,16739.643461
-119.099332,16166,16744.768568
-152.977805,16166,16750.583364
-116.929253,16166,16757.742022
-108.717283,16166,16762.898187
-356.503554,16166,16772.703722
-168.662278,16166,16779.155474
-123.304245,16166,16786.331045
-150.592238,16166,16793.168453
-141.816244,16166,16799.660183
-121.077504,16166,16805.568025
-130.016927,16166,16814.747073
-113.36998,16166,16819.84953
-99.518922,16166,16827.663383
-110.921926,16166,16832.882789
-108.025641,16166,16838.096369
-139.996051,16166,16843.318059
-241.447923,16166,16848.178124
-131.34652,16166,16858.052302
-106.691136,16166,16863.883359
-111.665769,16166,16871.055937
-401.912157,16166,16876.250789
-279.487002,16166,16881.453258
-226.636356,16166,16886.669628
-151.223323,16166,16893.182924
-129.740521,16166,16900.351849
-107.88741,16166,16906.802913
-131.991237,16166,16912.979831
-118.120134,16166,16919.463392
-121.34164,16166,16924.551278
-129.317651,16166,16932.391616
-184.143182,16166,16940.762417
-92.016149,16166,16945.998397
-431.125163,16166,16953.842256
-434.139047,16166,16960.208066
-136.019561,16166,16969.366127
-94.072052,16166,16976.774705
-141.279307,16166,16981.837562
-192.009862,16166,16986.897467
-274.332303,16166,16992.051476
-124.62093,16166,16997.236204
-233.26953,16166,17003.746236
-241.34467,16166,17009.541059
-89.727998,16166,17014.666958
-99.473186,16166,17021.161395
-100.102879,16166,17029.391673
-108.347883,16166,17034.589781
-217.412355,16166,17042.432926
-362.05343,16166,17048.877543
-318.642261,16166,17053.959948
-149.256555,16166,17063.107742
-146.502914,16166,17068.190855
-131.350473,16166,17073.277595
-96.155555,16166,17079.732031
-80.877451,16166,17085.59075
-192.075172,16166,17090.409655
-282.460166,16166,17097.532638
-283.1898,16166,17105.310019
-433.733393,16166,17111.728458
-179.584627,16166,17116.830078
-223.414284,16166,17121.962655
-243.459985,16166,17127.077207
-191.733633,16166,17132.854887
-278.790924,16166,17137.992169
-257.104242,16166,17144.820935
-147.693563,16166,17153.920198
-101.242391,16166,17163.743069
-107.670301,16166,17174.13471
-126.421541,16166,17180.612192
-96.66264,16166,17185.713639
-79.499507,16166,17190.814904
-128.236905,16166,17201.213238
-79.011943,16166,17207.024699
-128.524779,16166,17213.418431
-198.176948,16166,17220.843807
-90.409349,16166,17229.274277
-171.549192,16166,17234.312955
-110.999525,16166,17239.335961
-108.531682,16166,17244.365785
-107.78753,16166,17254.252558
-109.687378,16166,17262.043016
-187.381437,16166,17268.431354
-163.75893,16166,17273.487239
-115.775089,16166,17278.89716
-151.652579,16166,17286.595791
-166.534189,16166,17295.111757
-141.653876,16166,17302.852691
-94.927771,16166,17310.574202
-90.74567,16166,17319.011396
-87.609733,16166,17328.149339
-129.587288,16166,17333.823599
-192.024347,16166,17338.86717
-130.516416,16166,17346.347213
-98.381365,16166,17352.049652
-194.531186,16166,17357.104345
-115.142271,16166,17362.139582
-165.867105,16166,17367.169513
-103.489135,16166,17372.172586
-82.928516,16166,17377.202259
-77.943102,16166,17382.202953
-123.742145,16166,17387.209007
-157.18017,16166,17392.225855
-131.343134,16166,17397.648365
-91.846982,16166,17404.740324
-150.529281,16166,17410.637851
-293.674176,16166,17417.763823
-250.066508,16166,17424.316673
-98.351413,16166,17429.504659
-93.204331,16166,17435.328696
-184.965704,16166,17440.487637
-107.928048,16166,17449.628344
-126.06809,16166,17456.515699
-158.736303,16166,17462.395551
-117.549303,16166,17467.610976
-144.576,16166,17472.836236
-203.681076,16166,17478.095234
-143.312149,16166,17483.343038
-125.128599,16166,17489.15602
-185.443912,16166,17494.286005
-428.948107,16166,17500.190295
-183.688699,16166,17506.726006
-98.831086,16166,17511.495287
-228.129555,16166,17517.26897
-202.28888,16166,17522.406322
-235.056791,16166,17530.269792
-188.628989,16166,17537.35431
-106.149397,16166,17543.128866
-94.868755,16166,17553.007811
-77.061279,16166,17560.151751
-254.42822,16166,17567.283476
-285.869834,16166,17572.783085
-97.488398,16166,17577.928756
-128.708012,16166,17583.079164
-118.124657,16166,17588.241922
-81.377395,16166,17593.374883
-108.846469,16166,17598.524677
-103.903435,16166,17603.764147
-81.220896,16166,17608.887529
-106.086909,16166,17614.025613
-126.515903,16166,17619.469409
-97.101535,16166,17627.247262
-88.252434,16166,17634.31125
-151.744253,16166,17641.387407
-211.468214,16166,17646.581531
-102.314938,16166,17653.669364
-84.212851,16166,17661.411736
-69.114977,16166,17668.990502
-103.909654,16166,17677.378425
-331.530638,16166,17684.447941
-144.74887,16166,17689.851973
-126.510819,16166,17696.916422
-96.258194,16166,17702.624464
-228.906205,16166,17712.449029
-168.624693,16166,17718.216706
-270.934274,16166,17723.92692
-150.276445,16166,17728.989755
-121.729718,16166,17735.366238
-141.871045,16166,17742.412681
-110.909746,16166,17748.503716
-104.217673,16166,17754.884489
-136.281563,16166,17761.30268
-81.571314,16166,17767.714333
-81.917336,16166,17776.867598
-93.530305,16166,17781.899199
-127.848663,16166,17789.637545
-65.58489,16166,17795.976963
-69.252452,16166,17802.417718
-246.826941,16166,17807.490757
-567.423931,16166,17812.261576
-279.321262,16166,17817.349994
-138.492834,16166,17822.408397
-115.919458,16166,17828.896392
-125.831844,16166,17836.0947
-147.538519,16166,17844.566778
-164.033425,16166,17851.668534
-504.588621,16166,17856.814194
-704.462703,16166,17861.985538
-114.971657,16166,17866.822907
-100.39806,16166,17871.823189
-135.403961,16166,17876.800475
-109.507757,16166,17885.193659
-174.657267,16166,17892.984443
-151.381065,16166,17897.997367
-152.23336,16166,17903.017752
-74.914609,16166,17908.014858
-3344.645487,16166,17913.036705
-3472.675486,16166,17921.865688
-1059.31104,16166,17930.26573
-174.241397,16166,17939.389584
-197.463792,16166,17944.402186
-682.28151,16166,17950.100588
-1219.932273,16166,17955.782154
-269.978806,16166,17961.474008
-511.877549,16166,17969.153757
-244.157251,16166,17974.88951
-191.807981,16166,17985.229052
-129.199873,16166,17992.690384
-145.151024,16166,17998.309887
-187.563757,16166,18003.292526
-138.217067,16166,18010.341612
-117.229295,16166,18018.011557
-122.175241,16166,18023.783432
-121.735486,16166,18029.488965
-310.071429,16166,18035.186274
-545.266445,16166,18040.8797
-265.877239,16166,18048.364497
-391.425311,16166,18056.73017
-544.053562,16166,18063.718665
-262.782235,16166,18069.447455
-123.747575,16166,18074.54159
-155.020979,16166,18080.210411
-187.539614,16166,18085.388243
-131.858331,16166,18091.915309
-137.908596,16166,18099.116624
-145.392341,16166,18105.4689
-103.151311,16166,18114.948406
-94.714758,16166,18123.450472
-123.642302,16166,18130.608219
-110.89203,16166,18136.514876
-297.686126,16166,18141.736674
-287.846908,16166,18148.810478
-153.086701,16166,18153.932849
-90.460255,16166,18159.086385
-105.405407,16166,18164.827372
-116.596539,16166,18171.004878
-118.054355,16166,18176.786411
-90.111898,16166,18184.561688
-240.03047,16166,18192.267886
-115.273241,16166,18200.545963
-255.558791,16166,18206.23137
-120.766474,16166,18213.942073
-111.863823,16166,18221.693535
-154.234619,16166,18228.794817
-96.796772,16166,18234.130608
-598.601196,16166,18239.83826
-341.34451,16166,18248.93876
-90.009532,16166,18256.638103
-224.009885,16166,18262.327614
-98.028689,16166,18267.369066
-47.873778,16166,18272.367959
-205.337353,16166,18277.489658
-209.344445,16166,18285.348219
-73.515869,16166,18292.467185
-155.955071,16166,18298.623565
-81.384849,16166,18305.14915
-120.146616,16166,18310.891414
-340.955457,16166,18316.025079
-320.328379,16166,18321.85122
-90.221482,16166,18328.285035
-106.058026,16166,18333.300512
-109.460163,16166,18340.417412
-87.029162,16166,18346.82971
-175.969626,16166,18354.873782
-124.628887,16166,18363.262327
-58.256611,16166,18372.315815
-83.429048,16166,18379.439321
-313.530326,16166,18388.567479
-542.051554,16166,18397.052015
-79.930634,16166,18404.169212
-86.713106,16166,18412.681374
-57.114017,16166,18419.765665
-108.643004,16166,18424.838711
-168.8691,16166,18430.271193
-56.730624,16166,18436.069572
-87.779948,16166,18443.195671
-73.682562,16166,18449.651007
-80.884798,16166,18455.407827
-630.027107,16166,18460.517684
-467.735669,16166,18466.942878
-2901.439962,16166,18472.079504
-7758.603615,16166,18477.869669
-5291.38987,16166,18482.680466
-3820.253132,16166,18489.235573
-3456.251966,16166,18494.401038
-2944.459552,16166,18499.507565
-4370.965265,16166,18505.2827
-5997.233317,16166,18511.106519
-4612.452136,16166,18516.283839
-2085.769765,16166,18524.084566
-2257.370928,16166,18529.312585
-2465.014798,16166,18534.248703
-2365.921535,16166,18539.53872
-1292.66586,16166,18544.676523
-964.156816,16166,18549.846656
-392.697686,16166,18555.625272
-390.935871,16166,18561.41674
-251.954762,16166,18566.534311
-259.680332,16166,18571.652504
-209.535985,16166,18576.793689
-246.359447,16166,18581.943896
-263.94933,16166,18587.450951
-290.793712,16166,18592.621976
-222.023349,16166,18600.981238
-193.793084,16166,18606.09226
-271.572387,16166,18611.180369
-159.195198,16166,18617.004521
-188.372904,16166,18623.468274
-154.776852,16166,18630.605233
-304.803843,16166,18637.693983
-646.810669,16166,18643.845365
-247.782088,16166,18652.330319
-843.321341,16166,18659.387149
-819.527685,16166,18665.197701
-465.253696,16166,18670.27569
-251.234491,16166,18676.138676
-170.594743,16166,18682.615165
-125.680156,16166,18691.077135
-170.417363,16166,18697.49534
-160.10644,16166,18702.593499
-158.616664,16166,18707.36764
-151.309726,16166,18714.519681
-137.185116,16166,18721.625219
-110.20828,16166,18728.739458
-160.053865,16166,18735.16695
-138.499078,16166,18741.614388
-103.425038,16166,18746.720083
-343.10818,16166,18751.827321
-363.154273,16166,18756.923522
-173.533101,16166,18761.783817
-228.433582,16166,18767.482779
-269.754521,16166,18776.550407
-122.689269,16166,18782.924888
-129.501006,16166,18789.325794
-197.105588,16166,18795.715821
-150.646674,16166,18802.820706
-138.63094,16166,18809.848702
-115.571654,16166,18816.954391
-158.299924,16166,18825.086819
-201.956422,16166,18833.365642
-156.185422,16166,18843.077795
-173.642523,16166,18848.800233
-117.564847,16166,18853.825333
-142.183117,16166,18858.863041
-88.95429,16166,18863.950564
-98.748223,16166,18868.992512
-106.106552,16166,18874.006164
-86.341597,16166,18879.058397
-84.271765,16166,18883.819857
-94.062227,16166,18889.577817
-95.886408,16166,18894.582057
-100.123688,16166,18900.974238
-110.121953,16166,18908.736754
-93.778077,16166,18914.527139
-78.223659,16166,18920.398943
-166.611142,16166,18928.886012
-218.618125,16166,18935.344914
-129.438943,16166,18940.066686
-116.236183,16166,18948.538363
-111.70462,16166,18953.595488
-90.296251,16166,18960.10081
-99.157681,16166,18969.778144
-213.264315,16166,18978.871283
-99.308722,16166,18984.626725
-103.774844,16166,18993.731192
-117.110394,16166,19000.834457
-71.701864,16166,19007.373796
-89.707055,16166,19013.58054
-71.946726,16166,19018.761439
-79.536319,16166,19025.937576
-172.417754,16166,19031.75881
-168.603774,16166,19038.25597
-86.108821,16166,19044.057259
-177.432557,16166,19049.173178
-114.952962,16166,19055.615345
-98.459589,16166,19063.469492
-54.389198,16166,19068.289962
-80.582785,16166,19074.061844
-60.805248,16166,19081.190485
-72.539933,16166,19087.68269
-625.987421,16166,19092.744962
-155.740699,16166,19098.530283
-160.840741,16166,19104.280478
-248.824507,16166,19110.060832
-68.845521,16166,19117.23834
-64.72454,16166,19122.741897
-57.152522,16166,19129.151251
-64.589195,16166,19135.643411
-46.296211,16166,19140.760446
-92.686136,16166,19145.86429
-91.188088,16166,19151.703809
-85.014528,16166,19156.807962
-107.321843,16166,19163.939399
-66.503877,16166,19171.042181
-144.963288,16166,19177.479527
-125.10424,16166,19184.3214
-749.611922,16166,19190.111851
-1489.769908,16166,19199.176293
-558.933675,16166,19206.337337
-185.397961,16166,19212.077862
-113.060928,16166,19220.5226
-127.348419,16166,19229.736561
-81.454448,16166,19237.519215
-102.172159,16166,19247.34731
-110.373815,16166,19253.534958
-129.813883,16166,19258.68428
-184.507684,16166,19266.404469
-126.957486,16166,19271.474786
-115.313994,16166,19277.201129
-113.515787,16166,19282.206183
-234.346873,16166,19288.617688
-118.408492,16166,19294.325318
-111.378678,16166,19299.344243
-77.67155,16166,19304.787417
-104.034095,16166,19310.53835
-78.348299,16166,19317.649647
-103.726671,16166,19327.515662
-86.242326,16166,19333.951287
-154.22479,16166,19339.691598
-181.795422,16166,19346.036756
-224.365374,16166,19353.142819
-378.064029,16166,19361.525353
-651.900888,16166,19367.226757
-716.060667,16166,19372.712621
-403.962099,16166,19378.449594
-184.645889,16166,19383.459238
-88.996557,16166,19389.793337
-184.788584,16166,19396.891452
-319.400066,16166,19401.965916
-103.661303,16166,19407.031333
-75.709548,16166,19412.777438
-140.920842,16166,19419.871478
-128.115731,16166,19424.600244
-75.457963,16166,19431.63423
-96.029971,16166,19438.733641
-70.711894,16166,19443.757243
-93.215349,16166,19448.84376
-151.579824,16166,19453.903308
-113.030165,16166,19459.023504
-92.868088,16166,19464.200516
-105.486869,16166,19469.35442
-254.357261,16166,19474.439556
-480.801989,16166,19479.217878
-321.313735,16166,19484.957047
-88.73873,16166,19492.100525
-69.746849,16166,19498.472998
-127.044351,16166,19504.189628
-100.61724,16166,19509.255365
-81.009287,16166,19514.324947
-108.988234,16166,19522.108844
-161.00877,16166,19527.927323
-113.053142,16166,19536.757902
-72.009278,16166,19543.290581
-62.321219,16166,19551.047472
-60.326677,16166,19557.473528
-85.652994,16166,19563.881403
-352.259984,16166,19570.939541
-344.927957,16166,19576.714855
-152.929968,16166,19581.880799
-71.314876,16166,19586.914825
-92.79556,16166,19592.389525
-105.106458,16166,19598.144292
-88.379766,16166,19605.261226
-105.978968,16166,19611.642046
-88.050813,16166,19616.656092
-81.00518,16166,19623.085232
-240.324821,16166,19628.241586
-218.671074,16166,19633.501957
-109.500526,16166,19639.356588
-62.99451,16166,19644.524999
-123.183257,16166,19649.41094
-101.67075,16166,19654.567835
-108.867357,16166,19659.659868
-85.630048,16166,19664.821538
-72.20182,16166,19669.977691
-76.127085,16166,19676.441066
-49.402864,16166,19682.240557
-63.191377,16166,19688.050813
-309.773241,16166,19694.351473
-602.289894,16166,19701.858266
-771.612787,16166,19707.04805
-725.810408,16166,19714.205341
-350.682098,16166,19722.651664
-249.338618,16166,19727.683412
-132.709259,16166,19736.131021
-103.542373,16166,19741.92393
-103.553462,16166,19746.990727
-92.697085,16166,19752.090458
-94.18489,16166,19759.18346
-93.212452,16166,19764.58461
-90.154001,16166,19770.9658
-111.907033,16166,19779.436073
-172.590156,16166,19784.537755
-162.077467,16166,19789.603265
-98.266073,16166,19796.721436
-148.754678,16166,19803.815866
-222.212804,16166,19810.24685
-122.550195,16166,19815.368904
-115.276728,16166,19821.522589
-110.375159,16166,19827.959345
-139.50902,16166,19833.006202
-173.745346,16166,19838.141834
-312.625781,16166,19843.228289
-412.424413,16166,19848.462899
-571.297647,16166,19853.687255
-670.735336,16166,19858.798941
-225.712086,16166,19865.216433
-566.130226,16166,19871.416048
-15083.118989,16166,19877.866459
-18503.38667,16166,19884.990103
-16822.703009,16166,19892.845758
-9390.094839,16166,19898.000769
-7248.639703,16166,19907.199023
-6789.167945,16166,19914.986483
-6786.425846,16166,19922.867192
-5806.279349,16166,19930.040434
-6386.404839,16166,19937.236005
-3712.456879,16166,19942.762385
-1633.482556,16166,19951.911531
-871.474303,16166,19957.012643
-263.900384,16166,19962.115531
-221.47905,16166,19967.269704
-218.14265,16166,19972.430923
-281.532173,16166,19977.520036
-226.564628,16166,19982.53596
-228.660009,16166,19987.564013
-213.011383,16166,19992.31696
-293.71595,16166,19998.077385
-246.168036,16166,20005.18838
-361.177009,16166,20010.945807
-300.306319,16166,20020.108244
-243.117821,16166,20027.21
-287.18791,16166,20035.720622
-290.676589,16166,20042.857006
-411.454158,16166,20049.971231
-315.33228,16166,20055.703644
-307.544165,16166,20061.850345
-305.474798,16166,20067.609111
-272.830643,16166,20073.339816
-269.235997,16166,20078.492866
-271.2239,16166,20083.695925
-286.557079,16166,20089.4192
-323.177375,16166,20095.889389
-357.648242,16166,20102.336215
-243.893453,16166,20107.340261
-245.72658,16166,20112.812957
-213.946121,16166,20118.605703
-267.499278,16166,20124.356898
-294.654174,16166,20130.07719
-219.084145,16166,20135.084037
-279.394717,16166,20140.131963
-241.768086,16166,20145.15432
-220.625469,16166,20154.295735
-365.842599,16166,20161.41703
-221.047442,16166,20167.597834
-246.74767,16166,20174.762491
-279.624585,16166,20180.45787
-288.380574,16166,20186.906296
-263.203141,16166,20192.749152
-232.542497,16166,20197.887488
-285.054326,16166,20203.055469
-305.367636,16166,20212.29177
-252.127485,16166,20218.109527
-212.120761,16166,20225.307279
-192.818281,16166,20230.11659
-259.141684,16166,20235.255517
-181.476899,16166,20241.12377
-195.949347,16166,20246.977354
-347.595969,16166,20252.153533
-373.567538,16166,20258.162212
-148.427377,16166,20263.357311
-253.489742,16166,20270.482708
-170.843859,16166,20276.895467
-149.494096,16166,20281.67166
-158.379899,16166,20286.723382
-179.345788,16166,20295.126832
-124.074262,16166,20302.9094
-144.510609,16166,20310.72859
-195.45088,16166,20317.202557
-250.019763,16166,20325.056614
-216.194333,16166,20332.875908
-273.243244,16166,20339.960796
-166.644794,16166,20345.673873
-159.787761,16166,20350.501574
-138.519253,16166,20356.818777
-192.990849,16166,20361.948764
-236.35121,16166,20369.09447
-206.58557,16166,20376.093814
-132.854369,16166,20381.355848
-170.609559,16166,20386.652379
-284.82701,16166,20392.432331
-108.95435,16166,20400.214852
-145.727812,16166,20407.000265
-114.038257,16166,20412.696985
-107.568499,16166,20421.185867
-125.5978,16166,20428.961572
-145.810303,16166,20435.321856
-86.612925,16166,20440.414551
-90.067489,16166,20449.520406
-100.849472,16166,20455.236876
-120.658945,16166,20461.041699
-123.864264,16166,20466.500163
-152.392308,16166,20472.957161
-155.263961,16166,20478.677816
-107.688842,16166,20484.518968
-110.566865,16166,20492.924034
-2119.161302,16166,20500.029382
-5519.612587,16166,20507.227437
-4434.418371,16166,20513.009202
-4602.406188,16166,20520.801698
-5288.378649,16166,20525.927364
-3587.348361,16166,20532.75156
-1521.743634,16166,20537.884816
-1162.820583,16166,20543.003388
-589.155816,16166,20548.841393
-578.35722,16166,20553.932806
-374.865748,16166,20559.063141
-934.824522,16166,20564.210934
-484.13908,16166,20569.371868
-394.624069,16166,20574.562747
-469.958644,16166,20580.753795
-252.167352,16166,20586.487603
-273.664052,16166,20593.594652
-238.588956,16166,20598.759845
-274.344024,16166,20604.60619
-205.76007,16166,20610.374334
-328.123134,16166,20615.462295
-409.498498,16166,20621.216445
-679.006769,16166,20626.230372
-269.234615,16166,20631.405531
-334.64906,16166,20636.262827
-249.239948,16166,20641.390484
-244.428223,16166,20646.520325
-354.027942,16166,20651.657278
-254.041769,16166,20659.571566
-213.700596,16166,20664.73899
-220.833011,16166,20670.532617
-231.12111,16166,20675.682336
-508.624597,16166,20682.854539
-695.900485,16166,20689.746859
-437.105764,16166,20696.257341
-372.710379,16166,20703.453701
-386.959584,16166,20708.574427
-364.08703,16166,20715.086248
-291.639645,16166,20720.877629
-292.514201,16166,20727.990016
-424.648628,16166,20734.435196
-257.341132,16166,20742.28923
-274.572723,16166,20749.118815
-281.452981,16166,20755.655875
-257.993616,16166,20762.789584
-233.528197,16166,20771.360284
-258.635731,16166,20777.850766
-318.06463,16166,20784.245594
-294.516514,16166,20789.263712
-235.741613,16166,20794.393754
-232.975489,16166,20802.245002
-224.768805,16166,20809.34679
-294.06873,16166,20816.865204
-678.677993,16166,20824.652008
-427.60941,16166,20831.788706
-381.497825,16166,20837.577157
-284.593864,16166,20842.697341
-241.500602,16166,20849.140537
-219.554031,16166,20855.572871
-210.94345,16166,20862.723191
-256.127055,16166,20868.526528
-264.662929,16166,20873.365438
-221.206128,16166,20878.449741
-257.185849,16166,20883.637304
-257.449142,16166,20889.211857
-408.950604,16166,20894.338837
-499.074721,16166,20899.408386
-369.896699,16166,20907.87101
-254.780349,16166,20913.008138
-251.334083,16166,20918.809643
-222.899673,16166,20923.951771
-240.602259,16166,20929.465442
-248.534197,16166,20935.252592
-297.733895,16166,20941.679763
-276.787855,16166,20950.129935
-580.756967,16166,20955.888034
-587.496503,16166,20960.99501
-228.082093,16166,20966.785408
-207.006999,16166,20973.930272
-343.298795,16166,20979.736638
-220.859149,16166,20984.554483
-224.457862,16166,20989.585632
-386.892394,16166,20998.065963
-805.557467,16166,21005.166087
-364.571145,16166,21010.863938
-320.920396,16166,21016.521866
-337.979745,16166,21021.551507
-267.619604,16166,21027.221011
-215.395093,16166,21034.309301
-218.206809,16166,21039.02623
-219.519357,16166,21044.100264
-404.241752,16166,21049.104683
-246.86649,16166,21054.784923
-432.477834,16166,21061.205709
-394.999951,16166,21066.220747
-286.17219,16166,21073.342325
-282.043273,16166,21079.091135
-267.928774,16166,21085.525509
-305.829435,16166,21094.020897
-273.055591,16166,21099.539396
-232.45067,16166,21105.966954
-241.351668,16166,21113.081183
-267.377386,16166,21120.11237
-269.262979,16166,21125.176404
-223.551101,16166,21130.970955
-221.67937,16166,21137.3638
-307.529263,16166,21142.377587
-256.946223,16166,21147.388961
-187.015316,16166,21153.47883
-174.608563,16166,21159.208498
-184.475219,16166,21164.97735
-159.898152,16166,21173.45348
-175.072462,16166,21178.509959
-173.452511,16166,21183.73241
-122.32547,16166,21190.820263
-114.2756,16166,21196.663485
-120.741861,16166,21203.104908
-492.99194,16166,21209.214034
-829.55474,16166,21215.620624
-211.646028,16166,21223.409621
-149.439599,16166,21232.516688
-169.494516,16166,21237.716101
-128.769045,16166,21242.946515
-310.308902,16166,21248.145554
-459.077847,16166,21253.226799
-150.87196,16166,21258.30172
-143.82419,16166,21264.795698
-181.263767,16166,21272.308165
-215.073167,16166,21282.065246
-261.714354,16166,21288.53071
-270.058746,16166,21295.655736
-2124.191914,16166,21300.762921
-3322.09884,16166,21307.232349
-1207.395366,16166,21312.994472
-2301.837728,16166,21318.811608
-1620.246775,16166,21325.266814
-1743.157905,16166,21331.443617
-2082.755933,16166,21339.191391
-1893.287855,16166,21346.985019
